<annotation>
	<folder />
	<filename>ppe_0110_jpg.rf.db495548067171842116cf1866317b0b.jpg</filename>
	<path>ppe_0110_jpg.rf.db495548067171842116cf1866317b0b.jpg</path>
	<source>
		<database>roboflow.ai</database>
	</source>
	<size>
		<width>256</width>
		<height>256</height>
		<depth>3</depth>
	</size>
	<segmented>0</segmented>
	<object>
		<name>person</name>
		<pose>Unspecified</pose>
		<truncated>0</truncated>
		<difficult>0</difficult>
		<occluded>0</occluded>
		<bndbox>
			<xmin>61</xmin>
			<xmax>214</xmax>
			<ymin>11</ymin>
			<ymax>246</ymax>
		</bndbox>
	</object>
	<object>
		<name>no-vest</name>
		<pose>Unspecified</pose>
		<truncated>0</truncated>
		<difficult>0</difficult>
		<occluded>0</occluded>
		<bndbox>
			<xmin>56</xmin>
			<xmax>213</xmax>
			<ymin>155</ymin>
			<ymax>242</ymax>
		</bndbox>
	</object>
	<object>
		<name>helmet</name>
		<pose>Unspecified</pose>
		<truncated>0</truncated>
		<difficult>0</difficult>
		<occluded>0</occluded>
		<bndbox>
			<xmin>80</xmin>
			<xmax>197</xmax>
			<ymin>14</ymin>
			<ymax>97</ymax>
		</bndbox>
	</object>
</annotation>