<annotation>
	<folder />
	<filename>ppe_0007_jpg.rf.9f6161d58cfa51eebe4e5933a1f9833e.jpg</filename>
	<path>ppe_0007_jpg.rf.9f6161d58cfa51eebe4e5933a1f9833e.jpg</path>
	<source>
		<database>roboflow.ai</database>
	</source>
	<size>
		<width>256</width>
		<height>256</height>
		<depth>3</depth>
	</size>
	<segmented>0</segmented>
	<object>
		<name>helmet</name>
		<pose>Unspecified</pose>
		<truncated>0</truncated>
		<difficult>0</difficult>
		<occluded>0</occluded>
		<bndbox>
			<xmin>43</xmin>
			<xmax>219</xmax>
			<ymin>9</ymin>
			<ymax>96</ymax>
		</bndbox>
	</object>
	<object>
		<name>person</name>
		<pose>Unspecified</pose>
		<truncated>0</truncated>
		<difficult>0</difficult>
		<occluded>0</occluded>
		<bndbox>
			<xmin>21</xmin>
			<xmax>254</xmax>
			<ymin>16</ymin>
			<ymax>251</ymax>
		</bndbox>
	</object>
</annotation>