<annotation>
	<folder />
	<filename>ppe_0283_jpg.rf.7159d271e99ab30dc4c36f1929af3283.jpg</filename>
	<path>ppe_0283_jpg.rf.7159d271e99ab30dc4c36f1929af3283.jpg</path>
	<source>
		<database>roboflow.ai</database>
	</source>
	<size>
		<width>256</width>
		<height>256</height>
		<depth>3</depth>
	</size>
	<segmented>0</segmented>
	<object>
		<name>helmet</name>
		<pose>Unspecified</pose>
		<truncated>0</truncated>
		<difficult>0</difficult>
		<occluded>0</occluded>
		<bndbox>
			<xmin>81</xmin>
			<xmax>141</xmax>
			<ymin>58</ymin>
			<ymax>126</ymax>
		</bndbox>
	</object>
	<object>
		<name>person</name>
		<pose>Unspecified</pose>
		<truncated>0</truncated>
		<difficult>0</difficult>
		<occluded>0</occluded>
		<bndbox>
			<xmin>80</xmin>
			<xmax>154</xmax>
			<ymin>57</ymin>
			<ymax>256</ymax>
		</bndbox>
	</object>
	<object>
		<name>vest</name>
		<pose>Unspecified</pose>
		<truncated>0</truncated>
		<difficult>0</difficult>
		<occluded>0</occluded>
		<bndbox>
			<xmin>79</xmin>
			<xmax>165</xmax>
			<ymin>172</ymin>
			<ymax>256</ymax>
		</bndbox>
	</object>
</annotation>