<annotation>
	<folder />
	<filename>ppe_0112_jpg.rf.5d0d495c5b6938e762845d060502e1ed.jpg</filename>
	<path>ppe_0112_jpg.rf.5d0d495c5b6938e762845d060502e1ed.jpg</path>
	<source>
		<database>roboflow.ai</database>
	</source>
	<size>
		<width>256</width>
		<height>256</height>
		<depth>3</depth>
	</size>
	<segmented>0</segmented>
	<object>
		<name>person</name>
		<pose>Unspecified</pose>
		<truncated>0</truncated>
		<difficult>0</difficult>
		<occluded>0</occluded>
		<bndbox>
			<xmin>117</xmin>
			<xmax>207</xmax>
			<ymin>14</ymin>
			<ymax>252</ymax>
		</bndbox>
	</object>
	<object>
		<name>no-vest</name>
		<pose>Unspecified</pose>
		<truncated>0</truncated>
		<difficult>0</difficult>
		<occluded>0</occluded>
		<bndbox>
			<xmin>122</xmin>
			<xmax>205</xmax>
			<ymin>102</ymin>
			<ymax>238</ymax>
		</bndbox>
	</object>
	<object>
		<name>helmet</name>
		<pose>Unspecified</pose>
		<truncated>0</truncated>
		<difficult>0</difficult>
		<occluded>0</occluded>
		<bndbox>
			<xmin>129</xmin>
			<xmax>180</xmax>
			<ymin>13</ymin>
			<ymax>58</ymax>
		</bndbox>
	</object>
</annotation>