<annotation>
	<folder />
	<filename>ppe_0060_jpg.rf.d4f4f625cf44bf755297faa7878c7f5d.jpg</filename>
	<path>ppe_0060_jpg.rf.d4f4f625cf44bf755297faa7878c7f5d.jpg</path>
	<source>
		<database>roboflow.ai</database>
	</source>
	<size>
		<width>256</width>
		<height>256</height>
		<depth>3</depth>
	</size>
	<segmented>0</segmented>
	<object>
		<name>no-vest</name>
		<pose>Unspecified</pose>
		<truncated>0</truncated>
		<difficult>0</difficult>
		<occluded>0</occluded>
		<bndbox>
			<xmin>78</xmin>
			<xmax>189</xmax>
			<ymin>54</ymin>
			<ymax>130</ymax>
		</bndbox>
	</object>
	<object>
		<name>person</name>
		<pose>Unspecified</pose>
		<truncated>0</truncated>
		<difficult>0</difficult>
		<occluded>0</occluded>
		<bndbox>
			<xmin>65</xmin>
			<xmax>207</xmax>
			<ymin>15</ymin>
			<ymax>236</ymax>
		</bndbox>
	</object>
	<object>
		<name>helmet</name>
		<pose>Unspecified</pose>
		<truncated>0</truncated>
		<difficult>0</difficult>
		<occluded>0</occluded>
		<bndbox>
			<xmin>102</xmin>
			<xmax>158</xmax>
			<ymin>15</ymin>
			<ymax>41</ymax>
		</bndbox>
	</object>
</annotation>