<annotation>
	<folder />
	<filename>ppe_0192_jpg.rf.f25a5fbb446ff2c6735f646582ca670e.jpg</filename>
	<path>ppe_0192_jpg.rf.f25a5fbb446ff2c6735f646582ca670e.jpg</path>
	<source>
		<database>roboflow.ai</database>
	</source>
	<size>
		<width>256</width>
		<height>256</height>
		<depth>3</depth>
	</size>
	<segmented>0</segmented>
	<object>
		<name>person</name>
		<pose>Unspecified</pose>
		<truncated>0</truncated>
		<difficult>0</difficult>
		<occluded>0</occluded>
		<bndbox>
			<xmin>121</xmin>
			<xmax>222</xmax>
			<ymin>18</ymin>
			<ymax>256</ymax>
		</bndbox>
	</object>
	<object>
		<name>vest</name>
		<pose>Unspecified</pose>
		<truncated>0</truncated>
		<difficult>0</difficult>
		<occluded>0</occluded>
		<bndbox>
			<xmin>125</xmin>
			<xmax>213</xmax>
			<ymin>101</ymin>
			<ymax>256</ymax>
		</bndbox>
	</object>
	<object>
		<name>helmet</name>
		<pose>Unspecified</pose>
		<truncated>0</truncated>
		<difficult>0</difficult>
		<occluded>0</occluded>
		<bndbox>
			<xmin>143</xmin>
			<xmax>190</xmax>
			<ymin>19</ymin>
			<ymax>64</ymax>
		</bndbox>
	</object>
</annotation>