<annotation>
	<folder />
	<filename>ppe_0249_jpg.rf.e87ff2c5ae64e7d90d3691f5c5ce2975.jpg</filename>
	<path>ppe_0249_jpg.rf.e87ff2c5ae64e7d90d3691f5c5ce2975.jpg</path>
	<source>
		<database>roboflow.ai</database>
	</source>
	<size>
		<width>256</width>
		<height>256</height>
		<depth>3</depth>
	</size>
	<segmented>0</segmented>
	<object>
		<name>no-vest</name>
		<pose>Unspecified</pose>
		<truncated>0</truncated>
		<difficult>0</difficult>
		<occluded>0</occluded>
		<bndbox>
			<xmin>88</xmin>
			<xmax>179</xmax>
			<ymin>130</ymin>
			<ymax>254</ymax>
		</bndbox>
	</object>
	<object>
		<name>helmet</name>
		<pose>Unspecified</pose>
		<truncated>0</truncated>
		<difficult>0</difficult>
		<occluded>0</occluded>
		<bndbox>
			<xmin>102</xmin>
			<xmax>155</xmax>
			<ymin>42</ymin>
			<ymax>95</ymax>
		</bndbox>
	</object>
	<object>
		<name>person</name>
		<pose>Unspecified</pose>
		<truncated>0</truncated>
		<difficult>0</difficult>
		<occluded>0</occluded>
		<bndbox>
			<xmin>89</xmin>
			<xmax>192</xmax>
			<ymin>44</ymin>
			<ymax>256</ymax>
		</bndbox>
	</object>
</annotation>