<annotation>
	<folder />
	<filename>ppe_0003_jpg.rf.3a8e6c142c380ed094fdea05449ed25c.jpg</filename>
	<path>ppe_0003_jpg.rf.3a8e6c142c380ed094fdea05449ed25c.jpg</path>
	<source>
		<database>roboflow.ai</database>
	</source>
	<size>
		<width>256</width>
		<height>256</height>
		<depth>3</depth>
	</size>
	<segmented>0</segmented>
	<object>
		<name>person</name>
		<pose>Unspecified</pose>
		<truncated>0</truncated>
		<difficult>0</difficult>
		<occluded>0</occluded>
		<bndbox>
			<xmin>117</xmin>
			<xmax>199</xmax>
			<ymin>45</ymin>
			<ymax>257</ymax>
		</bndbox>
	</object>
	<object>
		<name>vest</name>
		<pose>Unspecified</pose>
		<truncated>0</truncated>
		<difficult>0</difficult>
		<occluded>0</occluded>
		<bndbox>
			<xmin>117</xmin>
			<xmax>194</xmax>
			<ymin>134</ymin>
			<ymax>233</ymax>
		</bndbox>
	</object>
	<object>
		<name>helmet</name>
		<pose>Unspecified</pose>
		<truncated>0</truncated>
		<difficult>0</difficult>
		<occluded>0</occluded>
		<bndbox>
			<xmin>127</xmin>
			<xmax>169</xmax>
			<ymin>45</ymin>
			<ymax>98</ymax>
		</bndbox>
	</object>
</annotation>