<annotation>
	<folder />
	<filename>ppe_0277_jpg.rf.1cb7865948524e9e24b409e99f52fe2c.jpg</filename>
	<path>ppe_0277_jpg.rf.1cb7865948524e9e24b409e99f52fe2c.jpg</path>
	<source>
		<database>roboflow.ai</database>
	</source>
	<size>
		<width>256</width>
		<height>256</height>
		<depth>3</depth>
	</size>
	<segmented>0</segmented>
	<object>
		<name>person</name>
		<pose>Unspecified</pose>
		<truncated>0</truncated>
		<difficult>0</difficult>
		<occluded>0</occluded>
		<bndbox>
			<xmin>15</xmin>
			<xmax>130</xmax>
			<ymin>2</ymin>
			<ymax>257</ymax>
		</bndbox>
	</object>
	<object>
		<name>no-vest</name>
		<pose>Unspecified</pose>
		<truncated>0</truncated>
		<difficult>0</difficult>
		<occluded>0</occluded>
		<bndbox>
			<xmin>18</xmin>
			<xmax>109</xmax>
			<ymin>135</ymin>
			<ymax>255</ymax>
		</bndbox>
	</object>
	<object>
		<name>helmet</name>
		<pose>Unspecified</pose>
		<truncated>0</truncated>
		<difficult>0</difficult>
		<occluded>0</occluded>
		<bndbox>
			<xmin>49</xmin>
			<xmax>132</xmax>
			<ymin>3</ymin>
			<ymax>82</ymax>
		</bndbox>
	</object>
</annotation>