<annotation>
	<folder />
	<filename>ppe_0169_jpg.rf.914af56c343e7afaca0f492d7bdb8bd5.jpg</filename>
	<path>ppe_0169_jpg.rf.914af56c343e7afaca0f492d7bdb8bd5.jpg</path>
	<source>
		<database>roboflow.ai</database>
	</source>
	<size>
		<width>256</width>
		<height>256</height>
		<depth>3</depth>
	</size>
	<segmented>0</segmented>
	<object>
		<name>helmet</name>
		<pose>Unspecified</pose>
		<truncated>0</truncated>
		<difficult>0</difficult>
		<occluded>0</occluded>
		<bndbox>
			<xmin>107</xmin>
			<xmax>244</xmax>
			<ymin>33</ymin>
			<ymax>206</ymax>
		</bndbox>
	</object>
</annotation>