<annotation>
	<folder />
	<filename>ppe_0055_jpg.rf.055195d79a1dd5aa8e902bdc7011c193.jpg</filename>
	<path>ppe_0055_jpg.rf.055195d79a1dd5aa8e902bdc7011c193.jpg</path>
	<source>
		<database>roboflow.ai</database>
	</source>
	<size>
		<width>256</width>
		<height>256</height>
		<depth>3</depth>
	</size>
	<segmented>0</segmented>
	<object>
		<name>helmet</name>
		<pose>Unspecified</pose>
		<truncated>0</truncated>
		<difficult>0</difficult>
		<occluded>0</occluded>
		<bndbox>
			<xmin>85</xmin>
			<xmax>104</xmax>
			<ymin>48</ymin>
			<ymax>75</ymax>
		</bndbox>
	</object>
	<object>
		<name>no-vest</name>
		<pose>Unspecified</pose>
		<truncated>0</truncated>
		<difficult>0</difficult>
		<occluded>0</occluded>
		<bndbox>
			<xmin>78</xmin>
			<xmax>116</xmax>
			<ymin>82</ymin>
			<ymax>152</ymax>
		</bndbox>
	</object>
	<object>
		<name>person</name>
		<pose>Unspecified</pose>
		<truncated>0</truncated>
		<difficult>0</difficult>
		<occluded>0</occluded>
		<bndbox>
			<xmin>73</xmin>
			<xmax>122</xmax>
			<ymin>43</ymin>
			<ymax>233</ymax>
		</bndbox>
	</object>
</annotation>