<annotation>
	<folder />
	<filename>ppe_0317_jpg.rf.4573a74d582c28a8ebdda487ad954406.jpg</filename>
	<path>ppe_0317_jpg.rf.4573a74d582c28a8ebdda487ad954406.jpg</path>
	<source>
		<database>roboflow.ai</database>
	</source>
	<size>
		<width>256</width>
		<height>256</height>
		<depth>3</depth>
	</size>
	<segmented>0</segmented>
	<object>
		<name>helmet</name>
		<pose>Unspecified</pose>
		<truncated>0</truncated>
		<difficult>0</difficult>
		<occluded>0</occluded>
		<bndbox>
			<xmin>61</xmin>
			<xmax>186</xmax>
			<ymin>33</ymin>
			<ymax>109</ymax>
		</bndbox>
	</object>
	<object>
		<name>person</name>
		<pose>Unspecified</pose>
		<truncated>0</truncated>
		<difficult>0</difficult>
		<occluded>0</occluded>
		<bndbox>
			<xmin>31</xmin>
			<xmax>228</xmax>
			<ymin>30</ymin>
			<ymax>256</ymax>
		</bndbox>
	</object>
	<object>
		<name>no-vest</name>
		<pose>Unspecified</pose>
		<truncated>0</truncated>
		<difficult>0</difficult>
		<occluded>0</occluded>
		<bndbox>
			<xmin>25</xmin>
			<xmax>221</xmax>
			<ymin>172</ymin>
			<ymax>256</ymax>
		</bndbox>
	</object>
</annotation>