<annotation>
	<folder />
	<filename>ppe_0070_jpg.rf.432f99ab20003f1fd68f63d55bc3e674.jpg</filename>
	<path>ppe_0070_jpg.rf.432f99ab20003f1fd68f63d55bc3e674.jpg</path>
	<source>
		<database>roboflow.ai</database>
	</source>
	<size>
		<width>256</width>
		<height>256</height>
		<depth>3</depth>
	</size>
	<segmented>0</segmented>
	<object>
		<name>helmet</name>
		<pose>Unspecified</pose>
		<truncated>0</truncated>
		<difficult>0</difficult>
		<occluded>0</occluded>
		<bndbox>
			<xmin>85</xmin>
			<xmax>159</xmax>
			<ymin>58</ymin>
			<ymax>96</ymax>
		</bndbox>
	</object>
	<object>
		<name>person</name>
		<pose>Unspecified</pose>
		<truncated>0</truncated>
		<difficult>0</difficult>
		<occluded>0</occluded>
		<bndbox>
			<xmin>36</xmin>
			<xmax>217</xmax>
			<ymin>50</ymin>
			<ymax>252</ymax>
		</bndbox>
	</object>
	<object>
		<name>vest</name>
		<pose>Unspecified</pose>
		<truncated>0</truncated>
		<difficult>0</difficult>
		<occluded>0</occluded>
		<bndbox>
			<xmin>65</xmin>
			<xmax>179</xmax>
			<ymin>117</ymin>
			<ymax>242</ymax>
		</bndbox>
	</object>
</annotation>