<annotation>
	<folder />
	<filename>ppe_0606_jpg.rf.a1c969c538382db692aca29b546f87c2.jpg</filename>
	<path>ppe_0606_jpg.rf.a1c969c538382db692aca29b546f87c2.jpg</path>
	<source>
		<database>roboflow.ai</database>
	</source>
	<size>
		<width>256</width>
		<height>256</height>
		<depth>3</depth>
	</size>
	<segmented>0</segmented>
	<object>
		<name>helmet</name>
		<pose>Unspecified</pose>
		<truncated>0</truncated>
		<difficult>0</difficult>
		<occluded>0</occluded>
		<bndbox>
			<xmin>139</xmin>
			<xmax>151</xmax>
			<ymin>157</ymin>
			<ymax>172</ymax>
		</bndbox>
	</object>
	<object>
		<name>no-vest</name>
		<pose>Unspecified</pose>
		<truncated>0</truncated>
		<difficult>0</difficult>
		<occluded>0</occluded>
		<bndbox>
			<xmin>140</xmin>
			<xmax>155</xmax>
			<ymin>178</ymin>
			<ymax>221</ymax>
		</bndbox>
	</object>
	<object>
		<name>person</name>
		<pose>Unspecified</pose>
		<truncated>0</truncated>
		<difficult>0</difficult>
		<occluded>0</occluded>
		<bndbox>
			<xmin>136</xmin>
			<xmax>157</xmax>
			<ymin>154</ymin>
			<ymax>254</ymax>
		</bndbox>
	</object>
	<object>
		<name>person</name>
		<pose>Unspecified</pose>
		<truncated>0</truncated>
		<difficult>0</difficult>
		<occluded>0</occluded>
		<bndbox>
			<xmin>45</xmin>
			<xmax>46</xmax>
			<ymin>229</ymin>
			<ymax>229</ymax>
		</bndbox>
	</object>
</annotation>