<annotation>
	<folder />
	<filename>ppe_0419_jpg.rf.a031fed76c018cf4ecace414d5c90997.jpg</filename>
	<path>ppe_0419_jpg.rf.a031fed76c018cf4ecace414d5c90997.jpg</path>
	<source>
		<database>roboflow.ai</database>
	</source>
	<size>
		<width>256</width>
		<height>256</height>
		<depth>3</depth>
	</size>
	<segmented>0</segmented>
	<object>
		<name>person</name>
		<pose>Unspecified</pose>
		<truncated>0</truncated>
		<difficult>0</difficult>
		<occluded>0</occluded>
		<bndbox>
			<xmin>17</xmin>
			<xmax>141</xmax>
			<ymin>15</ymin>
			<ymax>241</ymax>
		</bndbox>
	</object>
	<object>
		<name>no-vest</name>
		<pose>Unspecified</pose>
		<truncated>0</truncated>
		<difficult>0</difficult>
		<occluded>0</occluded>
		<bndbox>
			<xmin>22</xmin>
			<xmax>138</xmax>
			<ymin>135</ymin>
			<ymax>243</ymax>
		</bndbox>
	</object>
	<object>
		<name>helmet</name>
		<pose>Unspecified</pose>
		<truncated>0</truncated>
		<difficult>0</difficult>
		<occluded>0</occluded>
		<bndbox>
			<xmin>44</xmin>
			<xmax>106</xmax>
			<ymin>10</ymin>
			<ymax>77</ymax>
		</bndbox>
	</object>
</annotation>