<annotation>
	<folder />
	<filename>ppe_0491_jpg.rf.d473d7e07b7714297ca1b286d91bd5ba.jpg</filename>
	<path>ppe_0491_jpg.rf.d473d7e07b7714297ca1b286d91bd5ba.jpg</path>
	<source>
		<database>roboflow.ai</database>
	</source>
	<size>
		<width>256</width>
		<height>256</height>
		<depth>3</depth>
	</size>
	<segmented>0</segmented>
	<object>
		<name>person</name>
		<pose>Unspecified</pose>
		<truncated>0</truncated>
		<difficult>0</difficult>
		<occluded>0</occluded>
		<bndbox>
			<xmin>92</xmin>
			<xmax>152</xmax>
			<ymin>59</ymin>
			<ymax>238</ymax>
		</bndbox>
	</object>
	<object>
		<name>no-vest</name>
		<pose>Unspecified</pose>
		<truncated>0</truncated>
		<difficult>0</difficult>
		<occluded>0</occluded>
		<bndbox>
			<xmin>93</xmin>
			<xmax>154</xmax>
			<ymin>128</ymin>
			<ymax>227</ymax>
		</bndbox>
	</object>
	<object>
		<name>helmet</name>
		<pose>Unspecified</pose>
		<truncated>0</truncated>
		<difficult>0</difficult>
		<occluded>0</occluded>
		<bndbox>
			<xmin>95</xmin>
			<xmax>129</xmax>
			<ymin>63</ymin>
			<ymax>102</ymax>
		</bndbox>
	</object>
</annotation>