<annotation>
	<folder />
	<filename>ppe_0012_jpg.rf.2d2d2459c9fa20da94a846722217c6bd.jpg</filename>
	<path>ppe_0012_jpg.rf.2d2d2459c9fa20da94a846722217c6bd.jpg</path>
	<source>
		<database>roboflow.ai</database>
	</source>
	<size>
		<width>256</width>
		<height>256</height>
		<depth>3</depth>
	</size>
	<segmented>0</segmented>
	<object>
		<name>person</name>
		<pose>Unspecified</pose>
		<truncated>0</truncated>
		<difficult>0</difficult>
		<occluded>0</occluded>
		<bndbox>
			<xmin>109</xmin>
			<xmax>162</xmax>
			<ymin>23</ymin>
			<ymax>257</ymax>
		</bndbox>
	</object>
	<object>
		<name>helmet</name>
		<pose>Unspecified</pose>
		<truncated>0</truncated>
		<difficult>0</difficult>
		<occluded>0</occluded>
		<bndbox>
			<xmin>116</xmin>
			<xmax>144</xmax>
			<ymin>25</ymin>
			<ymax>63</ymax>
		</bndbox>
	</object>
	<object>
		<name>vest</name>
		<pose>Unspecified</pose>
		<truncated>0</truncated>
		<difficult>0</difficult>
		<occluded>0</occluded>
		<bndbox>
			<xmin>114</xmin>
			<xmax>156</xmax>
			<ymin>77</ymin>
			<ymax>196</ymax>
		</bndbox>
	</object>
</annotation>