<annotation>
	<folder />
	<filename>ppe_0250_jpg.rf.348d493439464194875763beb27f197b.jpg</filename>
	<path>ppe_0250_jpg.rf.348d493439464194875763beb27f197b.jpg</path>
	<source>
		<database>roboflow.ai</database>
	</source>
	<size>
		<width>256</width>
		<height>256</height>
		<depth>3</depth>
	</size>
	<segmented>0</segmented>
	<object>
		<name>person</name>
		<pose>Unspecified</pose>
		<truncated>0</truncated>
		<difficult>0</difficult>
		<occluded>0</occluded>
		<bndbox>
			<xmin>99</xmin>
			<xmax>193</xmax>
			<ymin>3</ymin>
			<ymax>203</ymax>
		</bndbox>
	</object>
	<object>
		<name>no-vest</name>
		<pose>Unspecified</pose>
		<truncated>0</truncated>
		<difficult>0</difficult>
		<occluded>0</occluded>
		<bndbox>
			<xmin>97</xmin>
			<xmax>198</xmax>
			<ymin>110</ymin>
			<ymax>205</ymax>
		</bndbox>
	</object>
	<object>
		<name>helmet</name>
		<pose>Unspecified</pose>
		<truncated>0</truncated>
		<difficult>0</difficult>
		<occluded>0</occluded>
		<bndbox>
			<xmin>107</xmin>
			<xmax>166</xmax>
			<ymin>0</ymin>
			<ymax>63</ymax>
		</bndbox>
	</object>
</annotation>