<annotation>
	<folder />
	<filename>ppe_0405_jpg.rf.a1356c2fd9e5e8de8bf9005d18a25e68.jpg</filename>
	<path>ppe_0405_jpg.rf.a1356c2fd9e5e8de8bf9005d18a25e68.jpg</path>
	<source>
		<database>roboflow.ai</database>
	</source>
	<size>
		<width>256</width>
		<height>256</height>
		<depth>3</depth>
	</size>
	<segmented>0</segmented>
	<object>
		<name>vest</name>
		<pose>Unspecified</pose>
		<truncated>0</truncated>
		<difficult>0</difficult>
		<occluded>0</occluded>
		<bndbox>
			<xmin>60</xmin>
			<xmax>153</xmax>
			<ymin>82</ymin>
			<ymax>232</ymax>
		</bndbox>
	</object>
	<object>
		<name>helmet</name>
		<pose>Unspecified</pose>
		<truncated>0</truncated>
		<difficult>0</difficult>
		<occluded>0</occluded>
		<bndbox>
			<xmin>78</xmin>
			<xmax>143</xmax>
			<ymin>17</ymin>
			<ymax>78</ymax>
		</bndbox>
	</object>
	<object>
		<name>person</name>
		<pose>Unspecified</pose>
		<truncated>0</truncated>
		<difficult>0</difficult>
		<occluded>0</occluded>
		<bndbox>
			<xmin>39</xmin>
			<xmax>158</xmax>
			<ymin>16</ymin>
			<ymax>242</ymax>
		</bndbox>
	</object>
</annotation>