<annotation>
	<folder />
	<filename>ppe_0431_jpg.rf.cb70ce1af865468e4acf07062e47a54e.jpg</filename>
	<path>ppe_0431_jpg.rf.cb70ce1af865468e4acf07062e47a54e.jpg</path>
	<source>
		<database>roboflow.ai</database>
	</source>
	<size>
		<width>256</width>
		<height>256</height>
		<depth>3</depth>
	</size>
	<segmented>0</segmented>
	<object>
		<name>helmet</name>
		<pose>Unspecified</pose>
		<truncated>0</truncated>
		<difficult>0</difficult>
		<occluded>0</occluded>
		<bndbox>
			<xmin>119</xmin>
			<xmax>187</xmax>
			<ymin>17</ymin>
			<ymax>86</ymax>
		</bndbox>
	</object>
	<object>
		<name>person</name>
		<pose>Unspecified</pose>
		<truncated>0</truncated>
		<difficult>0</difficult>
		<occluded>0</occluded>
		<bndbox>
			<xmin>85</xmin>
			<xmax>228</xmax>
			<ymin>16</ymin>
			<ymax>248</ymax>
		</bndbox>
	</object>
	<object>
		<name>no-vest</name>
		<pose>Unspecified</pose>
		<truncated>0</truncated>
		<difficult>0</difficult>
		<occluded>0</occluded>
		<bndbox>
			<xmin>85</xmin>
			<xmax>230</xmax>
			<ymin>153</ymin>
			<ymax>249</ymax>
		</bndbox>
	</object>
</annotation>