<annotation>
	<folder />
	<filename>ppe_0311_jpg.rf.ad3b7504ff6f77dcba441433f8e378bf.jpg</filename>
	<path>ppe_0311_jpg.rf.ad3b7504ff6f77dcba441433f8e378bf.jpg</path>
	<source>
		<database>roboflow.ai</database>
	</source>
	<size>
		<width>256</width>
		<height>256</height>
		<depth>3</depth>
	</size>
	<segmented>0</segmented>
	<object>
		<name>helmet</name>
		<pose>Unspecified</pose>
		<truncated>0</truncated>
		<difficult>0</difficult>
		<occluded>0</occluded>
		<bndbox>
			<xmin>129</xmin>
			<xmax>180</xmax>
			<ymin>12</ymin>
			<ymax>33</ymax>
		</bndbox>
	</object>
	<object>
		<name>vest</name>
		<pose>Unspecified</pose>
		<truncated>0</truncated>
		<difficult>0</difficult>
		<occluded>0</occluded>
		<bndbox>
			<xmin>116</xmin>
			<xmax>193</xmax>
			<ymin>52</ymin>
			<ymax>137</ymax>
		</bndbox>
	</object>
	<object>
		<name>person</name>
		<pose>Unspecified</pose>
		<truncated>0</truncated>
		<difficult>0</difficult>
		<occluded>0</occluded>
		<bndbox>
			<xmin>91</xmin>
			<xmax>214</xmax>
			<ymin>13</ymin>
			<ymax>256</ymax>
		</bndbox>
	</object>
</annotation>