<annotation>
	<folder />
	<filename>ppe_0152_jpg.rf.a7b00167c57afeef152d6718ddc3c9d2.jpg</filename>
	<path>ppe_0152_jpg.rf.a7b00167c57afeef152d6718ddc3c9d2.jpg</path>
	<source>
		<database>roboflow.ai</database>
	</source>
	<size>
		<width>256</width>
		<height>256</height>
		<depth>3</depth>
	</size>
	<segmented>0</segmented>
	<object>
		<name>helmet</name>
		<pose>Unspecified</pose>
		<truncated>0</truncated>
		<difficult>0</difficult>
		<occluded>0</occluded>
		<bndbox>
			<xmin>137</xmin>
			<xmax>164</xmax>
			<ymin>31</ymin>
			<ymax>59</ymax>
		</bndbox>
	</object>
	<object>
		<name>no-vest</name>
		<pose>Unspecified</pose>
		<truncated>0</truncated>
		<difficult>0</difficult>
		<occluded>0</occluded>
		<bndbox>
			<xmin>109</xmin>
			<xmax>157</xmax>
			<ymin>62</ymin>
			<ymax>135</ymax>
		</bndbox>
	</object>
	<object>
		<name>person</name>
		<pose>Unspecified</pose>
		<truncated>0</truncated>
		<difficult>0</difficult>
		<occluded>0</occluded>
		<bndbox>
			<xmin>100</xmin>
			<xmax>166</xmax>
			<ymin>26</ymin>
			<ymax>213</ymax>
		</bndbox>
	</object>
</annotation>