<annotation>
	<folder />
	<filename>ppe_0470_jpg.rf.b106817a363e1aeafc92360554b0f2ad.jpg</filename>
	<path>ppe_0470_jpg.rf.b106817a363e1aeafc92360554b0f2ad.jpg</path>
	<source>
		<database>roboflow.ai</database>
	</source>
	<size>
		<width>256</width>
		<height>256</height>
		<depth>3</depth>
	</size>
	<segmented>0</segmented>
	<object>
		<name>helmet</name>
		<pose>Unspecified</pose>
		<truncated>0</truncated>
		<difficult>0</difficult>
		<occluded>0</occluded>
		<bndbox>
			<xmin>121</xmin>
			<xmax>140</xmax>
			<ymin>62</ymin>
			<ymax>84</ymax>
		</bndbox>
	</object>
	<object>
		<name>vest</name>
		<pose>Unspecified</pose>
		<truncated>0</truncated>
		<difficult>0</difficult>
		<occluded>0</occluded>
		<bndbox>
			<xmin>77</xmin>
			<xmax>133</xmax>
			<ymin>77</ymin>
			<ymax>145</ymax>
		</bndbox>
	</object>
	<object>
		<name>person</name>
		<pose>Unspecified</pose>
		<truncated>0</truncated>
		<difficult>0</difficult>
		<occluded>0</occluded>
		<bndbox>
			<xmin>73</xmin>
			<xmax>142</xmax>
			<ymin>61</ymin>
			<ymax>236</ymax>
		</bndbox>
	</object>
</annotation>