<annotation>
	<folder />
	<filename>ppe_0285_jpg.rf.e040aee1cc392b6626cdd102bf766846.jpg</filename>
	<path>ppe_0285_jpg.rf.e040aee1cc392b6626cdd102bf766846.jpg</path>
	<source>
		<database>roboflow.ai</database>
	</source>
	<size>
		<width>256</width>
		<height>256</height>
		<depth>3</depth>
	</size>
	<segmented>0</segmented>
	<object>
		<name>person</name>
		<pose>Unspecified</pose>
		<truncated>0</truncated>
		<difficult>0</difficult>
		<occluded>0</occluded>
		<bndbox>
			<xmin>107</xmin>
			<xmax>210</xmax>
			<ymin>15</ymin>
			<ymax>252</ymax>
		</bndbox>
	</object>
	<object>
		<name>no-vest</name>
		<pose>Unspecified</pose>
		<truncated>0</truncated>
		<difficult>0</difficult>
		<occluded>0</occluded>
		<bndbox>
			<xmin>127</xmin>
			<xmax>203</xmax>
			<ymin>75</ymin>
			<ymax>229</ymax>
		</bndbox>
	</object>
	<object>
		<name>helmet</name>
		<pose>Unspecified</pose>
		<truncated>0</truncated>
		<difficult>0</difficult>
		<occluded>0</occluded>
		<bndbox>
			<xmin>116</xmin>
			<xmax>182</xmax>
			<ymin>15</ymin>
			<ymax>68</ymax>
		</bndbox>
	</object>
</annotation>