<annotation>
	<folder />
	<filename>ppe_0297_jpg.rf.8795b2ee71e23cb03d8a3b54e0a66087.jpg</filename>
	<path>ppe_0297_jpg.rf.8795b2ee71e23cb03d8a3b54e0a66087.jpg</path>
	<source>
		<database>roboflow.ai</database>
	</source>
	<size>
		<width>256</width>
		<height>256</height>
		<depth>3</depth>
	</size>
	<segmented>0</segmented>
	<object>
		<name>person</name>
		<pose>Unspecified</pose>
		<truncated>0</truncated>
		<difficult>0</difficult>
		<occluded>0</occluded>
		<bndbox>
			<xmin>62</xmin>
			<xmax>186</xmax>
			<ymin>15</ymin>
			<ymax>245</ymax>
		</bndbox>
	</object>
	<object>
		<name>vest</name>
		<pose>Unspecified</pose>
		<truncated>0</truncated>
		<difficult>0</difficult>
		<occluded>0</occluded>
		<bndbox>
			<xmin>49</xmin>
			<xmax>183</xmax>
			<ymin>68</ymin>
			<ymax>212</ymax>
		</bndbox>
	</object>
	<object>
		<name>helmet</name>
		<pose>Unspecified</pose>
		<truncated>0</truncated>
		<difficult>0</difficult>
		<occluded>0</occluded>
		<bndbox>
			<xmin>117</xmin>
			<xmax>161</xmax>
			<ymin>16</ymin>
			<ymax>50</ymax>
		</bndbox>
	</object>
</annotation>