<annotation>
	<folder />
	<filename>ppe_0561_jpg.rf.d34154bde39081a53e947a6accd9dfe4.jpg</filename>
	<path>ppe_0561_jpg.rf.d34154bde39081a53e947a6accd9dfe4.jpg</path>
	<source>
		<database>roboflow.ai</database>
	</source>
	<size>
		<width>256</width>
		<height>256</height>
		<depth>3</depth>
	</size>
	<segmented>0</segmented>
	<object>
		<name>helmet</name>
		<pose>Unspecified</pose>
		<truncated>0</truncated>
		<difficult>0</difficult>
		<occluded>0</occluded>
		<bndbox>
			<xmin>88</xmin>
			<xmax>163</xmax>
			<ymin>45</ymin>
			<ymax>84</ymax>
		</bndbox>
	</object>
	<object>
		<name>person</name>
		<pose>Unspecified</pose>
		<truncated>0</truncated>
		<difficult>0</difficult>
		<occluded>0</occluded>
		<bndbox>
			<xmin>38</xmin>
			<xmax>191</xmax>
			<ymin>44</ymin>
			<ymax>252</ymax>
		</bndbox>
	</object>
	<object>
		<name>vest</name>
		<pose>Unspecified</pose>
		<truncated>0</truncated>
		<difficult>0</difficult>
		<occluded>0</occluded>
		<bndbox>
			<xmin>59</xmin>
			<xmax>188</xmax>
			<ymin>103</ymin>
			<ymax>244</ymax>
		</bndbox>
	</object>
</annotation>