<annotation>
	<folder />
	<filename>ppe_0253_jpg.rf.66c7763ff3f1461a7a644875d23d8a2f.jpg</filename>
	<path>ppe_0253_jpg.rf.66c7763ff3f1461a7a644875d23d8a2f.jpg</path>
	<source>
		<database>roboflow.ai</database>
	</source>
	<size>
		<width>256</width>
		<height>256</height>
		<depth>3</depth>
	</size>
	<segmented>0</segmented>
	<object>
		<name>helmet</name>
		<pose>Unspecified</pose>
		<truncated>0</truncated>
		<difficult>0</difficult>
		<occluded>0</occluded>
		<bndbox>
			<xmin>105</xmin>
			<xmax>150</xmax>
			<ymin>24</ymin>
			<ymax>49</ymax>
		</bndbox>
	</object>
	<object>
		<name>no-vest</name>
		<pose>Unspecified</pose>
		<truncated>0</truncated>
		<difficult>0</difficult>
		<occluded>0</occluded>
		<bndbox>
			<xmin>79</xmin>
			<xmax>189</xmax>
			<ymin>66</ymin>
			<ymax>139</ymax>
		</bndbox>
	</object>
	<object>
		<name>person</name>
		<pose>Unspecified</pose>
		<truncated>0</truncated>
		<difficult>0</difficult>
		<occluded>0</occluded>
		<bndbox>
			<xmin>58</xmin>
			<xmax>188</xmax>
			<ymin>26</ymin>
			<ymax>243</ymax>
		</bndbox>
	</object>
</annotation>