<annotation>
	<folder />
	<filename>ppe_0179_jpg.rf.7922b2fe4a32cdb506dc6fef29630e6a.jpg</filename>
	<path>ppe_0179_jpg.rf.7922b2fe4a32cdb506dc6fef29630e6a.jpg</path>
	<source>
		<database>roboflow.ai</database>
	</source>
	<size>
		<width>256</width>
		<height>256</height>
		<depth>3</depth>
	</size>
	<segmented>0</segmented>
	<object>
		<name>helmet</name>
		<pose>Unspecified</pose>
		<truncated>0</truncated>
		<difficult>0</difficult>
		<occluded>0</occluded>
		<bndbox>
			<xmin>95</xmin>
			<xmax>138</xmax>
			<ymin>76</ymin>
			<ymax>118</ymax>
		</bndbox>
	</object>
	<object>
		<name>person</name>
		<pose>Unspecified</pose>
		<truncated>0</truncated>
		<difficult>0</difficult>
		<occluded>0</occluded>
		<bndbox>
			<xmin>89</xmin>
			<xmax>168</xmax>
			<ymin>74</ymin>
			<ymax>256</ymax>
		</bndbox>
	</object>
	<object>
		<name>vest</name>
		<pose>Unspecified</pose>
		<truncated>0</truncated>
		<difficult>0</difficult>
		<occluded>0</occluded>
		<bndbox>
			<xmin>95</xmin>
			<xmax>162</xmax>
			<ymin>135</ymin>
			<ymax>255</ymax>
		</bndbox>
	</object>
</annotation>