<annotation>
	<folder />
	<filename>ppe_0333_jpg.rf.36a3c0a101a60db9f4fa5701e33e5f15.jpg</filename>
	<path>ppe_0333_jpg.rf.36a3c0a101a60db9f4fa5701e33e5f15.jpg</path>
	<source>
		<database>roboflow.ai</database>
	</source>
	<size>
		<width>256</width>
		<height>256</height>
		<depth>3</depth>
	</size>
	<segmented>0</segmented>
	<object>
		<name>person</name>
		<pose>Unspecified</pose>
		<truncated>0</truncated>
		<difficult>0</difficult>
		<occluded>0</occluded>
		<bndbox>
			<xmin>33</xmin>
			<xmax>224</xmax>
			<ymin>13</ymin>
			<ymax>257</ymax>
		</bndbox>
	</object>
	<object>
		<name>vest</name>
		<pose>Unspecified</pose>
		<truncated>0</truncated>
		<difficult>0</difficult>
		<occluded>0</occluded>
		<bndbox>
			<xmin>49</xmin>
			<xmax>197</xmax>
			<ymin>76</ymin>
			<ymax>215</ymax>
		</bndbox>
	</object>
	<object>
		<name>helmet</name>
		<pose>Unspecified</pose>
		<truncated>0</truncated>
		<difficult>0</difficult>
		<occluded>0</occluded>
		<bndbox>
			<xmin>78</xmin>
			<xmax>185</xmax>
			<ymin>8</ymin>
			<ymax>56</ymax>
		</bndbox>
	</object>
</annotation>