<annotation>
	<folder />
	<filename>ppe_0381_jpg.rf.d61d141f478b90362520c4fa2a52dd7f.jpg</filename>
	<path>ppe_0381_jpg.rf.d61d141f478b90362520c4fa2a52dd7f.jpg</path>
	<source>
		<database>roboflow.ai</database>
	</source>
	<size>
		<width>256</width>
		<height>256</height>
		<depth>3</depth>
	</size>
	<segmented>0</segmented>
	<object>
		<name>helmet</name>
		<pose>Unspecified</pose>
		<truncated>0</truncated>
		<difficult>0</difficult>
		<occluded>0</occluded>
		<bndbox>
			<xmin>117</xmin>
			<xmax>162</xmax>
			<ymin>32</ymin>
			<ymax>73</ymax>
		</bndbox>
	</object>
	<object>
		<name>person</name>
		<pose>Unspecified</pose>
		<truncated>0</truncated>
		<difficult>0</difficult>
		<occluded>0</occluded>
		<bndbox>
			<xmin>113</xmin>
			<xmax>179</xmax>
			<ymin>26</ymin>
			<ymax>254</ymax>
		</bndbox>
	</object>
	<object>
		<name>vest</name>
		<pose>Unspecified</pose>
		<truncated>0</truncated>
		<difficult>0</difficult>
		<occluded>0</occluded>
		<bndbox>
			<xmin>114</xmin>
			<xmax>176</xmax>
			<ymin>102</ymin>
			<ymax>244</ymax>
		</bndbox>
	</object>
</annotation>