<annotation>
	<folder />
	<filename>ppe_0467_jpg.rf.cc3ca94680ea055ee973eb2e5b49952c.jpg</filename>
	<path>ppe_0467_jpg.rf.cc3ca94680ea055ee973eb2e5b49952c.jpg</path>
	<source>
		<database>roboflow.ai</database>
	</source>
	<size>
		<width>256</width>
		<height>256</height>
		<depth>3</depth>
	</size>
	<segmented>0</segmented>
	<object>
		<name>person</name>
		<pose>Unspecified</pose>
		<truncated>0</truncated>
		<difficult>0</difficult>
		<occluded>0</occluded>
		<bndbox>
			<xmin>106</xmin>
			<xmax>188</xmax>
			<ymin>23</ymin>
			<ymax>182</ymax>
		</bndbox>
	</object>
	<object>
		<name>no-vest</name>
		<pose>Unspecified</pose>
		<truncated>0</truncated>
		<difficult>0</difficult>
		<occluded>0</occluded>
		<bndbox>
			<xmin>111</xmin>
			<xmax>187</xmax>
			<ymin>98</ymin>
			<ymax>183</ymax>
		</bndbox>
	</object>
	<object>
		<name>helmet</name>
		<pose>Unspecified</pose>
		<truncated>0</truncated>
		<difficult>0</difficult>
		<occluded>0</occluded>
		<bndbox>
			<xmin>110</xmin>
			<xmax>158</xmax>
			<ymin>27</ymin>
			<ymax>78</ymax>
		</bndbox>
	</object>
</annotation>