<annotation>
	<folder />
	<filename>ppe_0029_jpg.rf.82c2e47f47d81b61f6f5665f4d20c347.jpg</filename>
	<path>ppe_0029_jpg.rf.82c2e47f47d81b61f6f5665f4d20c347.jpg</path>
	<source>
		<database>roboflow.ai</database>
	</source>
	<size>
		<width>256</width>
		<height>256</height>
		<depth>3</depth>
	</size>
	<segmented>0</segmented>
	<object>
		<name>helmet</name>
		<pose>Unspecified</pose>
		<truncated>0</truncated>
		<difficult>0</difficult>
		<occluded>0</occluded>
		<bndbox>
			<xmin>27</xmin>
			<xmax>134</xmax>
			<ymin>22</ymin>
			<ymax>128</ymax>
		</bndbox>
	</object>
	<object>
		<name>person</name>
		<pose>Unspecified</pose>
		<truncated>0</truncated>
		<difficult>0</difficult>
		<occluded>0</occluded>
		<bndbox>
			<xmin>17</xmin>
			<xmax>147</xmax>
			<ymin>24</ymin>
			<ymax>257</ymax>
		</bndbox>
	</object>
	<object>
		<name>vest</name>
		<pose>Unspecified</pose>
		<truncated>0</truncated>
		<difficult>0</difficult>
		<occluded>0</occluded>
		<bndbox>
			<xmin>4</xmin>
			<xmax>169</xmax>
			<ymin>186</ymin>
			<ymax>257</ymax>
		</bndbox>
	</object>
</annotation>