<annotation>
	<folder />
	<filename>ppe_0351_jpg.rf.6ba035c32651670210e436bc9a13b0a7.jpg</filename>
	<path>ppe_0351_jpg.rf.6ba035c32651670210e436bc9a13b0a7.jpg</path>
	<source>
		<database>roboflow.ai</database>
	</source>
	<size>
		<width>256</width>
		<height>256</height>
		<depth>3</depth>
	</size>
	<segmented>0</segmented>
	<object>
		<name>helmet</name>
		<pose>Unspecified</pose>
		<truncated>0</truncated>
		<difficult>0</difficult>
		<occluded>0</occluded>
		<bndbox>
			<xmin>86</xmin>
			<xmax>111</xmax>
			<ymin>29</ymin>
			<ymax>58</ymax>
		</bndbox>
	</object>
	<object>
		<name>no-vest</name>
		<pose>Unspecified</pose>
		<truncated>0</truncated>
		<difficult>0</difficult>
		<occluded>0</occluded>
		<bndbox>
			<xmin>64</xmin>
			<xmax>111</xmax>
			<ymin>67</ymin>
			<ymax>156</ymax>
		</bndbox>
	</object>
	<object>
		<name>person</name>
		<pose>Unspecified</pose>
		<truncated>0</truncated>
		<difficult>0</difficult>
		<occluded>0</occluded>
		<bndbox>
			<xmin>62</xmin>
			<xmax>133</xmax>
			<ymin>29</ymin>
			<ymax>224</ymax>
		</bndbox>
	</object>
</annotation>