<annotation>
	<folder />
	<filename>ppe_0189_jpg.rf.81046ebc0e4a9f3c887a19913da0b999.jpg</filename>
	<path>ppe_0189_jpg.rf.81046ebc0e4a9f3c887a19913da0b999.jpg</path>
	<source>
		<database>roboflow.ai</database>
	</source>
	<size>
		<width>256</width>
		<height>256</height>
		<depth>3</depth>
	</size>
	<segmented>0</segmented>
	<object>
		<name>person</name>
		<pose>Unspecified</pose>
		<truncated>0</truncated>
		<difficult>0</difficult>
		<occluded>0</occluded>
		<bndbox>
			<xmin>70</xmin>
			<xmax>229</xmax>
			<ymin>13</ymin>
			<ymax>257</ymax>
		</bndbox>
	</object>
	<object>
		<name>helmet</name>
		<pose>Unspecified</pose>
		<truncated>0</truncated>
		<difficult>0</difficult>
		<occluded>0</occluded>
		<bndbox>
			<xmin>99</xmin>
			<xmax>194</xmax>
			<ymin>13</ymin>
			<ymax>112</ymax>
		</bndbox>
	</object>
</annotation>