<annotation>
	<folder />
	<filename>ppe_0552_jpg.rf.54e8b87d088c94de642bfaa7ec2e5537.jpg</filename>
	<path>ppe_0552_jpg.rf.54e8b87d088c94de642bfaa7ec2e5537.jpg</path>
	<source>
		<database>roboflow.ai</database>
	</source>
	<size>
		<width>256</width>
		<height>256</height>
		<depth>3</depth>
	</size>
	<segmented>0</segmented>
	<object>
		<name>no-vest</name>
		<pose>Unspecified</pose>
		<truncated>0</truncated>
		<difficult>0</difficult>
		<occluded>0</occluded>
		<bndbox>
			<xmin>100</xmin>
			<xmax>198</xmax>
			<ymin>128</ymin>
			<ymax>258</ymax>
		</bndbox>
	</object>
	<object>
		<name>helmet</name>
		<pose>Unspecified</pose>
		<truncated>0</truncated>
		<difficult>0</difficult>
		<occluded>0</occluded>
		<bndbox>
			<xmin>111</xmin>
			<xmax>163</xmax>
			<ymin>35</ymin>
			<ymax>77</ymax>
		</bndbox>
	</object>
	<object>
		<name>person</name>
		<pose>Unspecified</pose>
		<truncated>0</truncated>
		<difficult>0</difficult>
		<occluded>0</occluded>
		<bndbox>
			<xmin>95</xmin>
			<xmax>198</xmax>
			<ymin>29</ymin>
			<ymax>254</ymax>
		</bndbox>
	</object>
</annotation>