<annotation>
	<folder />
	<filename>ppe_0530_jpg.rf.05245545bdf67d76248d9dcb113f0a56.jpg</filename>
	<path>ppe_0530_jpg.rf.05245545bdf67d76248d9dcb113f0a56.jpg</path>
	<source>
		<database>roboflow.ai</database>
	</source>
	<size>
		<width>256</width>
		<height>256</height>
		<depth>3</depth>
	</size>
	<segmented>0</segmented>
	<object>
		<name>helmet</name>
		<pose>Unspecified</pose>
		<truncated>0</truncated>
		<difficult>0</difficult>
		<occluded>0</occluded>
		<bndbox>
			<xmin>14</xmin>
			<xmax>147</xmax>
			<ymin>76</ymin>
			<ymax>154</ymax>
		</bndbox>
	</object>
	<object>
		<name>person</name>
		<pose>Unspecified</pose>
		<truncated>0</truncated>
		<difficult>0</difficult>
		<occluded>0</occluded>
		<bndbox>
			<xmin>10</xmin>
			<xmax>179</xmax>
			<ymin>74</ymin>
			<ymax>250</ymax>
		</bndbox>
	</object>
	<object>
		<name>no-vest</name>
		<pose>Unspecified</pose>
		<truncated>0</truncated>
		<difficult>0</difficult>
		<occluded>0</occluded>
		<bndbox>
			<xmin>25</xmin>
			<xmax>182</xmax>
			<ymin>158</ymin>
			<ymax>257</ymax>
		</bndbox>
	</object>
</annotation>