<annotation>
	<folder />
	<filename>ppe_0095_jpg.rf.26f3fc5ac1d79842247e4688243513ab.jpg</filename>
	<path>ppe_0095_jpg.rf.26f3fc5ac1d79842247e4688243513ab.jpg</path>
	<source>
		<database>roboflow.ai</database>
	</source>
	<size>
		<width>256</width>
		<height>256</height>
		<depth>3</depth>
	</size>
	<segmented>0</segmented>
	<object>
		<name>helmet</name>
		<pose>Unspecified</pose>
		<truncated>0</truncated>
		<difficult>0</difficult>
		<occluded>0</occluded>
		<bndbox>
			<xmin>132</xmin>
			<xmax>179</xmax>
			<ymin>28</ymin>
			<ymax>48</ymax>
		</bndbox>
	</object>
	<object>
		<name>vest</name>
		<pose>Unspecified</pose>
		<truncated>0</truncated>
		<difficult>0</difficult>
		<occluded>0</occluded>
		<bndbox>
			<xmin>75</xmin>
			<xmax>184</xmax>
			<ymin>57</ymin>
			<ymax>141</ymax>
		</bndbox>
	</object>
	<object>
		<name>person</name>
		<pose>Unspecified</pose>
		<truncated>0</truncated>
		<difficult>0</difficult>
		<occluded>0</occluded>
		<bndbox>
			<xmin>42</xmin>
			<xmax>217</xmax>
			<ymin>26</ymin>
			<ymax>236</ymax>
		</bndbox>
	</object>
</annotation>