<annotation>
	<folder />
	<filename>ppe_0020_jpg.rf.4c688c240a097123603b579c20258f81.jpg</filename>
	<path>ppe_0020_jpg.rf.4c688c240a097123603b579c20258f81.jpg</path>
	<source>
		<database>roboflow.ai</database>
	</source>
	<size>
		<width>256</width>
		<height>256</height>
		<depth>3</depth>
	</size>
	<segmented>0</segmented>
	<object>
		<name>person</name>
		<pose>Unspecified</pose>
		<truncated>0</truncated>
		<difficult>0</difficult>
		<occluded>0</occluded>
		<bndbox>
			<xmin>55</xmin>
			<xmax>201</xmax>
			<ymin>8</ymin>
			<ymax>242</ymax>
		</bndbox>
	</object>
	<object>
		<name>vest</name>
		<pose>Unspecified</pose>
		<truncated>0</truncated>
		<difficult>0</difficult>
		<occluded>0</occluded>
		<bndbox>
			<xmin>54</xmin>
			<xmax>195</xmax>
			<ymin>72</ymin>
			<ymax>245</ymax>
		</bndbox>
	</object>
	<object>
		<name>helmet</name>
		<pose>Unspecified</pose>
		<truncated>0</truncated>
		<difficult>0</difficult>
		<occluded>0</occluded>
		<bndbox>
			<xmin>98</xmin>
			<xmax>154</xmax>
			<ymin>7</ymin>
			<ymax>53</ymax>
		</bndbox>
	</object>
</annotation>