<annotation>
	<folder />
	<filename>ppe_0479_jpg.rf.ce74b169400019cc98c36cc275eb5649.jpg</filename>
	<path>ppe_0479_jpg.rf.ce74b169400019cc98c36cc275eb5649.jpg</path>
	<source>
		<database>roboflow.ai</database>
	</source>
	<size>
		<width>256</width>
		<height>256</height>
		<depth>3</depth>
	</size>
	<segmented>0</segmented>
	<object>
		<name>helmet</name>
		<pose>Unspecified</pose>
		<truncated>0</truncated>
		<difficult>0</difficult>
		<occluded>0</occluded>
		<bndbox>
			<xmin>75</xmin>
			<xmax>171</xmax>
			<ymin>14</ymin>
			<ymax>73</ymax>
		</bndbox>
	</object>
	<object>
		<name>person</name>
		<pose>Unspecified</pose>
		<truncated>0</truncated>
		<difficult>0</difficult>
		<occluded>0</occluded>
		<bndbox>
			<xmin>65</xmin>
			<xmax>256</xmax>
			<ymin>14</ymin>
			<ymax>242</ymax>
		</bndbox>
	</object>
	<object>
		<name>no-vest</name>
		<pose>Unspecified</pose>
		<truncated>0</truncated>
		<difficult>0</difficult>
		<occluded>0</occluded>
		<bndbox>
			<xmin>90</xmin>
			<xmax>253</xmax>
			<ymin>103</ymin>
			<ymax>227</ymax>
		</bndbox>
	</object>
</annotation>