<annotation>
	<folder />
	<filename>ppe_0527_jpg.rf.4725f115ab62fdf53ea886c4f483eb63.jpg</filename>
	<path>ppe_0527_jpg.rf.4725f115ab62fdf53ea886c4f483eb63.jpg</path>
	<source>
		<database>roboflow.ai</database>
	</source>
	<size>
		<width>256</width>
		<height>256</height>
		<depth>3</depth>
	</size>
	<segmented>0</segmented>
	<object>
		<name>helmet</name>
		<pose>Unspecified</pose>
		<truncated>0</truncated>
		<difficult>0</difficult>
		<occluded>0</occluded>
		<bndbox>
			<xmin>104</xmin>
			<xmax>223</xmax>
			<ymin>2</ymin>
			<ymax>76</ymax>
		</bndbox>
	</object>
	<object>
		<name>person</name>
		<pose>Unspecified</pose>
		<truncated>0</truncated>
		<difficult>0</difficult>
		<occluded>0</occluded>
		<bndbox>
			<xmin>105</xmin>
			<xmax>222</xmax>
			<ymin>2</ymin>
			<ymax>256</ymax>
		</bndbox>
	</object>
</annotation>