<annotation>
	<folder />
	<filename>ppe_0115_jpg.rf.9d7fed0793f7d94b97e5f28d3396ca8e.jpg</filename>
	<path>ppe_0115_jpg.rf.9d7fed0793f7d94b97e5f28d3396ca8e.jpg</path>
	<source>
		<database>roboflow.ai</database>
	</source>
	<size>
		<width>256</width>
		<height>256</height>
		<depth>3</depth>
	</size>
	<segmented>0</segmented>
	<object>
		<name>helmet</name>
		<pose>Unspecified</pose>
		<truncated>0</truncated>
		<difficult>0</difficult>
		<occluded>0</occluded>
		<bndbox>
			<xmin>122</xmin>
			<xmax>148</xmax>
			<ymin>40</ymin>
			<ymax>76</ymax>
		</bndbox>
	</object>
	<object>
		<name>vest</name>
		<pose>Unspecified</pose>
		<truncated>0</truncated>
		<difficult>0</difficult>
		<occluded>0</occluded>
		<bndbox>
			<xmin>116</xmin>
			<xmax>169</xmax>
			<ymin>84</ymin>
			<ymax>195</ymax>
		</bndbox>
	</object>
	<object>
		<name>person</name>
		<pose>Unspecified</pose>
		<truncated>0</truncated>
		<difficult>0</difficult>
		<occluded>0</occluded>
		<bndbox>
			<xmin>106</xmin>
			<xmax>169</xmax>
			<ymin>40</ymin>
			<ymax>247</ymax>
		</bndbox>
	</object>
</annotation>