<annotation>
	<folder />
	<filename>ppe_0127_jpg.rf.cad6b7e9ea2419271008d42a15984368.jpg</filename>
	<path>ppe_0127_jpg.rf.cad6b7e9ea2419271008d42a15984368.jpg</path>
	<source>
		<database>roboflow.ai</database>
	</source>
	<size>
		<width>256</width>
		<height>256</height>
		<depth>3</depth>
	</size>
	<segmented>0</segmented>
	<object>
		<name>helmet</name>
		<pose>Unspecified</pose>
		<truncated>0</truncated>
		<difficult>0</difficult>
		<occluded>0</occluded>
		<bndbox>
			<xmin>122</xmin>
			<xmax>243</xmax>
			<ymin>9</ymin>
			<ymax>97</ymax>
		</bndbox>
	</object>
	<object>
		<name>person</name>
		<pose>Unspecified</pose>
		<truncated>0</truncated>
		<difficult>0</difficult>
		<occluded>0</occluded>
		<bndbox>
			<xmin>123</xmin>
			<xmax>256</xmax>
			<ymin>9</ymin>
			<ymax>228</ymax>
		</bndbox>
	</object>
	<object>
		<name>no-vest</name>
		<pose>Unspecified</pose>
		<truncated>0</truncated>
		<difficult>0</difficult>
		<occluded>0</occluded>
		<bndbox>
			<xmin>87</xmin>
			<xmax>256</xmax>
			<ymin>157</ymin>
			<ymax>220</ymax>
		</bndbox>
	</object>
</annotation>