<annotation>
	<folder />
	<filename>ppe_0549_jpg.rf.b31c1cfcac95870bfe8b9279356ed04c.jpg</filename>
	<path>ppe_0549_jpg.rf.b31c1cfcac95870bfe8b9279356ed04c.jpg</path>
	<source>
		<database>roboflow.ai</database>
	</source>
	<size>
		<width>256</width>
		<height>256</height>
		<depth>3</depth>
	</size>
	<segmented>0</segmented>
	<object>
		<name>person</name>
		<pose>Unspecified</pose>
		<truncated>0</truncated>
		<difficult>0</difficult>
		<occluded>0</occluded>
		<bndbox>
			<xmin>18</xmin>
			<xmax>246</xmax>
			<ymin>3</ymin>
			<ymax>257</ymax>
		</bndbox>
	</object>
	<object>
		<name>helmet</name>
		<pose>Unspecified</pose>
		<truncated>0</truncated>
		<difficult>0</difficult>
		<occluded>0</occluded>
		<bndbox>
			<xmin>38</xmin>
			<xmax>243</xmax>
			<ymin>6</ymin>
			<ymax>101</ymax>
		</bndbox>
	</object>
</annotation>