<annotation>
	<folder />
	<filename>ppe_0538_jpg.rf.b3cfaacf1c831f96120e9cdb17e85097.jpg</filename>
	<path>ppe_0538_jpg.rf.b3cfaacf1c831f96120e9cdb17e85097.jpg</path>
	<source>
		<database>roboflow.ai</database>
	</source>
	<size>
		<width>256</width>
		<height>256</height>
		<depth>3</depth>
	</size>
	<segmented>0</segmented>
	<object>
		<name>helmet</name>
		<pose>Unspecified</pose>
		<truncated>0</truncated>
		<difficult>0</difficult>
		<occluded>0</occluded>
		<bndbox>
			<xmin>103</xmin>
			<xmax>146</xmax>
			<ymin>18</ymin>
			<ymax>47</ymax>
		</bndbox>
	</object>
	<object>
		<name>no-vest</name>
		<pose>Unspecified</pose>
		<truncated>0</truncated>
		<difficult>0</difficult>
		<occluded>0</occluded>
		<bndbox>
			<xmin>100</xmin>
			<xmax>186</xmax>
			<ymin>51</ymin>
			<ymax>137</ymax>
		</bndbox>
	</object>
	<object>
		<name>person</name>
		<pose>Unspecified</pose>
		<truncated>0</truncated>
		<difficult>0</difficult>
		<occluded>0</occluded>
		<bndbox>
			<xmin>79</xmin>
			<xmax>199</xmax>
			<ymin>19</ymin>
			<ymax>233</ymax>
		</bndbox>
	</object>
</annotation>