<annotation>
	<folder />
	<filename>ppe_0295_jpg.rf.2cd96308af43931aaf01da46fde69e17.jpg</filename>
	<path>ppe_0295_jpg.rf.2cd96308af43931aaf01da46fde69e17.jpg</path>
	<source>
		<database>roboflow.ai</database>
	</source>
	<size>
		<width>256</width>
		<height>256</height>
		<depth>3</depth>
	</size>
	<segmented>0</segmented>
	<object>
		<name>helmet</name>
		<pose>Unspecified</pose>
		<truncated>0</truncated>
		<difficult>0</difficult>
		<occluded>0</occluded>
		<bndbox>
			<xmin>68</xmin>
			<xmax>151</xmax>
			<ymin>32</ymin>
			<ymax>97</ymax>
		</bndbox>
	</object>
	<object>
		<name>person</name>
		<pose>Unspecified</pose>
		<truncated>0</truncated>
		<difficult>0</difficult>
		<occluded>0</occluded>
		<bndbox>
			<xmin>39</xmin>
			<xmax>206</xmax>
			<ymin>33</ymin>
			<ymax>242</ymax>
		</bndbox>
	</object>
	<object>
		<name>no-vest</name>
		<pose>Unspecified</pose>
		<truncated>0</truncated>
		<difficult>0</difficult>
		<occluded>0</occluded>
		<bndbox>
			<xmin>43</xmin>
			<xmax>203</xmax>
			<ymin>115</ymin>
			<ymax>244</ymax>
		</bndbox>
	</object>
</annotation>