<annotation>
	<folder />
	<filename>ppe_0255_jpg.rf.d4754f9926644a0e4aed6d00943c835b.jpg</filename>
	<path>ppe_0255_jpg.rf.d4754f9926644a0e4aed6d00943c835b.jpg</path>
	<source>
		<database>roboflow.ai</database>
	</source>
	<size>
		<width>256</width>
		<height>256</height>
		<depth>3</depth>
	</size>
	<segmented>0</segmented>
	<object>
		<name>helmet</name>
		<pose>Unspecified</pose>
		<truncated>0</truncated>
		<difficult>0</difficult>
		<occluded>0</occluded>
		<bndbox>
			<xmin>98</xmin>
			<xmax>150</xmax>
			<ymin>9</ymin>
			<ymax>33</ymax>
		</bndbox>
	</object>
	<object>
		<name>vest</name>
		<pose>Unspecified</pose>
		<truncated>0</truncated>
		<difficult>0</difficult>
		<occluded>0</occluded>
		<bndbox>
			<xmin>70</xmin>
			<xmax>179</xmax>
			<ymin>48</ymin>
			<ymax>127</ymax>
		</bndbox>
	</object>
	<object>
		<name>person</name>
		<pose>Unspecified</pose>
		<truncated>0</truncated>
		<difficult>0</difficult>
		<occluded>0</occluded>
		<bndbox>
			<xmin>67</xmin>
			<xmax>178</xmax>
			<ymin>9</ymin>
			<ymax>251</ymax>
		</bndbox>
	</object>
</annotation>