<annotation>
	<folder />
	<filename>ppe_0257_jpg.rf.be707aea464e7a9474cb449639ab50b7.jpg</filename>
	<path>ppe_0257_jpg.rf.be707aea464e7a9474cb449639ab50b7.jpg</path>
	<source>
		<database>roboflow.ai</database>
	</source>
	<size>
		<width>256</width>
		<height>256</height>
		<depth>3</depth>
	</size>
	<segmented>0</segmented>
	<object>
		<name>helmet</name>
		<pose>Unspecified</pose>
		<truncated>0</truncated>
		<difficult>0</difficult>
		<occluded>0</occluded>
		<bndbox>
			<xmin>121</xmin>
			<xmax>177</xmax>
			<ymin>10</ymin>
			<ymax>60</ymax>
		</bndbox>
	</object>
	<object>
		<name>person</name>
		<pose>Unspecified</pose>
		<truncated>0</truncated>
		<difficult>0</difficult>
		<occluded>0</occluded>
		<bndbox>
			<xmin>116</xmin>
			<xmax>207</xmax>
			<ymin>4</ymin>
			<ymax>232</ymax>
		</bndbox>
	</object>
	<object>
		<name>vest</name>
		<pose>Unspecified</pose>
		<truncated>0</truncated>
		<difficult>0</difficult>
		<occluded>0</occluded>
		<bndbox>
			<xmin>125</xmin>
			<xmax>206</xmax>
			<ymin>87</ymin>
			<ymax>236</ymax>
		</bndbox>
	</object>
</annotation>