<annotation>
	<folder />
	<filename>ppe_0497_jpg.rf.0dc12b89077454cc4ffba1c84b32726d.jpg</filename>
	<path>ppe_0497_jpg.rf.0dc12b89077454cc4ffba1c84b32726d.jpg</path>
	<source>
		<database>roboflow.ai</database>
	</source>
	<size>
		<width>256</width>
		<height>256</height>
		<depth>3</depth>
	</size>
	<segmented>0</segmented>
	<object>
		<name>vest</name>
		<pose>Unspecified</pose>
		<truncated>0</truncated>
		<difficult>0</difficult>
		<occluded>0</occluded>
		<bndbox>
			<xmin>65</xmin>
			<xmax>241</xmax>
			<ymin>126</ymin>
			<ymax>243</ymax>
		</bndbox>
	</object>
	<object>
		<name>helmet</name>
		<pose>Unspecified</pose>
		<truncated>0</truncated>
		<difficult>0</difficult>
		<occluded>0</occluded>
		<bndbox>
			<xmin>46</xmin>
			<xmax>125</xmax>
			<ymin>4</ymin>
			<ymax>90</ymax>
		</bndbox>
	</object>
	<object>
		<name>person</name>
		<pose>Unspecified</pose>
		<truncated>0</truncated>
		<difficult>0</difficult>
		<occluded>0</occluded>
		<bndbox>
			<xmin>43</xmin>
			<xmax>217</xmax>
			<ymin>5</ymin>
			<ymax>254</ymax>
		</bndbox>
	</object>
</annotation>