<annotation>
	<folder />
	<filename>ppe_0568_jpg.rf.6777d663ed4eec931a326aa68e03429e.jpg</filename>
	<path>ppe_0568_jpg.rf.6777d663ed4eec931a326aa68e03429e.jpg</path>
	<source>
		<database>roboflow.ai</database>
	</source>
	<size>
		<width>256</width>
		<height>256</height>
		<depth>3</depth>
	</size>
	<segmented>0</segmented>
	<object>
		<name>helmet</name>
		<pose>Unspecified</pose>
		<truncated>0</truncated>
		<difficult>0</difficult>
		<occluded>0</occluded>
		<bndbox>
			<xmin>193</xmin>
			<xmax>222</xmax>
			<ymin>44</ymin>
			<ymax>78</ymax>
		</bndbox>
	</object>
	<object>
		<name>no-vest</name>
		<pose>Unspecified</pose>
		<truncated>0</truncated>
		<difficult>0</difficult>
		<occluded>0</occluded>
		<bndbox>
			<xmin>196</xmin>
			<xmax>224</xmax>
			<ymin>83</ymin>
			<ymax>170</ymax>
		</bndbox>
	</object>
	<object>
		<name>person</name>
		<pose>Unspecified</pose>
		<truncated>0</truncated>
		<difficult>0</difficult>
		<occluded>0</occluded>
		<bndbox>
			<xmin>185</xmin>
			<xmax>224</xmax>
			<ymin>43</ymin>
			<ymax>255</ymax>
		</bndbox>
	</object>
</annotation>