<annotation>
	<folder />
	<filename>ppe_0274_jpg.rf.5d87eceb4390e2f71358b276c51338da.jpg</filename>
	<path>ppe_0274_jpg.rf.5d87eceb4390e2f71358b276c51338da.jpg</path>
	<source>
		<database>roboflow.ai</database>
	</source>
	<size>
		<width>256</width>
		<height>256</height>
		<depth>3</depth>
	</size>
	<segmented>0</segmented>
	<object>
		<name>person</name>
		<pose>Unspecified</pose>
		<truncated>0</truncated>
		<difficult>0</difficult>
		<occluded>0</occluded>
		<bndbox>
			<xmin>30</xmin>
			<xmax>177</xmax>
			<ymin>31</ymin>
			<ymax>247</ymax>
		</bndbox>
	</object>
	<object>
		<name>no-vest</name>
		<pose>Unspecified</pose>
		<truncated>0</truncated>
		<difficult>0</difficult>
		<occluded>0</occluded>
		<bndbox>
			<xmin>38</xmin>
			<xmax>172</xmax>
			<ymin>101</ymin>
			<ymax>235</ymax>
		</bndbox>
	</object>
	<object>
		<name>helmet</name>
		<pose>Unspecified</pose>
		<truncated>0</truncated>
		<difficult>0</difficult>
		<occluded>0</occluded>
		<bndbox>
			<xmin>66</xmin>
			<xmax>159</xmax>
			<ymin>32</ymin>
			<ymax>69</ymax>
		</bndbox>
	</object>
</annotation>