<annotation>
	<folder />
	<filename>ppe_0481_jpg.rf.38a883e41763c33945feb5627737214d.jpg</filename>
	<path>ppe_0481_jpg.rf.38a883e41763c33945feb5627737214d.jpg</path>
	<source>
		<database>roboflow.ai</database>
	</source>
	<size>
		<width>256</width>
		<height>256</height>
		<depth>3</depth>
	</size>
	<segmented>0</segmented>
	<object>
		<name>helmet</name>
		<pose>Unspecified</pose>
		<truncated>0</truncated>
		<difficult>0</difficult>
		<occluded>0</occluded>
		<bndbox>
			<xmin>116</xmin>
			<xmax>187</xmax>
			<ymin>17</ymin>
			<ymax>81</ymax>
		</bndbox>
	</object>
	<object>
		<name>person</name>
		<pose>Unspecified</pose>
		<truncated>0</truncated>
		<difficult>0</difficult>
		<occluded>0</occluded>
		<bndbox>
			<xmin>73</xmin>
			<xmax>223</xmax>
			<ymin>17</ymin>
			<ymax>234</ymax>
		</bndbox>
	</object>
	<object>
		<name>vest</name>
		<pose>Unspecified</pose>
		<truncated>0</truncated>
		<difficult>0</difficult>
		<occluded>0</occluded>
		<bndbox>
			<xmin>80</xmin>
			<xmax>219</xmax>
			<ymin>122</ymin>
			<ymax>231</ymax>
		</bndbox>
	</object>
</annotation>