<annotation>
	<folder />
	<filename>ppe_0030_jpg.rf.9981884b148ffbfd982f2ad6dc13ed69.jpg</filename>
	<path>ppe_0030_jpg.rf.9981884b148ffbfd982f2ad6dc13ed69.jpg</path>
	<source>
		<database>roboflow.ai</database>
	</source>
	<size>
		<width>256</width>
		<height>256</height>
		<depth>3</depth>
	</size>
	<segmented>0</segmented>
	<object>
		<name>person</name>
		<pose>Unspecified</pose>
		<truncated>0</truncated>
		<difficult>0</difficult>
		<occluded>0</occluded>
		<bndbox>
			<xmin>65</xmin>
			<xmax>147</xmax>
			<ymin>3</ymin>
			<ymax>240</ymax>
		</bndbox>
	</object>
	<object>
		<name>no-vest</name>
		<pose>Unspecified</pose>
		<truncated>0</truncated>
		<difficult>0</difficult>
		<occluded>0</occluded>
		<bndbox>
			<xmin>69</xmin>
			<xmax>145</xmax>
			<ymin>82</ymin>
			<ymax>230</ymax>
		</bndbox>
	</object>
	<object>
		<name>helmet</name>
		<pose>Unspecified</pose>
		<truncated>0</truncated>
		<difficult>0</difficult>
		<occluded>0</occluded>
		<bndbox>
			<xmin>101</xmin>
			<xmax>140</xmax>
			<ymin>2</ymin>
			<ymax>51</ymax>
		</bndbox>
	</object>
</annotation>