<annotation>
	<folder />
	<filename>ppe_0075_jpg.rf.27dcaaeb0734b24a00ea73d2e9dc7c97.jpg</filename>
	<path>ppe_0075_jpg.rf.27dcaaeb0734b24a00ea73d2e9dc7c97.jpg</path>
	<source>
		<database>roboflow.ai</database>
	</source>
	<size>
		<width>256</width>
		<height>256</height>
		<depth>3</depth>
	</size>
	<segmented>0</segmented>
	<object>
		<name>helmet</name>
		<pose>Unspecified</pose>
		<truncated>0</truncated>
		<difficult>0</difficult>
		<occluded>0</occluded>
		<bndbox>
			<xmin>61</xmin>
			<xmax>121</xmax>
			<ymin>46</ymin>
			<ymax>105</ymax>
		</bndbox>
	</object>
	<object>
		<name>person</name>
		<pose>Unspecified</pose>
		<truncated>0</truncated>
		<difficult>0</difficult>
		<occluded>0</occluded>
		<bndbox>
			<xmin>45</xmin>
			<xmax>157</xmax>
			<ymin>43</ymin>
			<ymax>243</ymax>
		</bndbox>
	</object>
	<object>
		<name>vest</name>
		<pose>Unspecified</pose>
		<truncated>0</truncated>
		<difficult>0</difficult>
		<occluded>0</occluded>
		<bndbox>
			<xmin>45</xmin>
			<xmax>141</xmax>
			<ymin>146</ymin>
			<ymax>244</ymax>
		</bndbox>
	</object>
</annotation>