<annotation>
	<folder />
	<filename>ppe_0195_jpg.rf.28ff5396ed1c57f9b4fc6442a51c356a.jpg</filename>
	<path>ppe_0195_jpg.rf.28ff5396ed1c57f9b4fc6442a51c356a.jpg</path>
	<source>
		<database>roboflow.ai</database>
	</source>
	<size>
		<width>256</width>
		<height>256</height>
		<depth>3</depth>
	</size>
	<segmented>0</segmented>
	<object>
		<name>person</name>
		<pose>Unspecified</pose>
		<truncated>0</truncated>
		<difficult>0</difficult>
		<occluded>0</occluded>
		<bndbox>
			<xmin>46</xmin>
			<xmax>246</xmax>
			<ymin>4</ymin>
			<ymax>216</ymax>
		</bndbox>
	</object>
	<object>
		<name>no-vest</name>
		<pose>Unspecified</pose>
		<truncated>0</truncated>
		<difficult>0</difficult>
		<occluded>0</occluded>
		<bndbox>
			<xmin>49</xmin>
			<xmax>241</xmax>
			<ymin>101</ymin>
			<ymax>215</ymax>
		</bndbox>
	</object>
	<object>
		<name>helmet</name>
		<pose>Unspecified</pose>
		<truncated>0</truncated>
		<difficult>0</difficult>
		<occluded>0</occluded>
		<bndbox>
			<xmin>89</xmin>
			<xmax>187</xmax>
			<ymin>3</ymin>
			<ymax>54</ymax>
		</bndbox>
	</object>
</annotation>