<annotation>
	<folder />
	<filename>ppe_0177_jpg.rf.d804cbc8a6778e8558020805d837b00b.jpg</filename>
	<path>ppe_0177_jpg.rf.d804cbc8a6778e8558020805d837b00b.jpg</path>
	<source>
		<database>roboflow.ai</database>
	</source>
	<size>
		<width>256</width>
		<height>256</height>
		<depth>3</depth>
	</size>
	<segmented>0</segmented>
	<object>
		<name>helmet</name>
		<pose>Unspecified</pose>
		<truncated>0</truncated>
		<difficult>0</difficult>
		<occluded>0</occluded>
		<bndbox>
			<xmin>167</xmin>
			<xmax>224</xmax>
			<ymin>10</ymin>
			<ymax>68</ymax>
		</bndbox>
	</object>
	<object>
		<name>person</name>
		<pose>Unspecified</pose>
		<truncated>0</truncated>
		<difficult>0</difficult>
		<occluded>0</occluded>
		<bndbox>
			<xmin>145</xmin>
			<xmax>256</xmax>
			<ymin>7</ymin>
			<ymax>256</ymax>
		</bndbox>
	</object>
	<object>
		<name>no-vest</name>
		<pose>Unspecified</pose>
		<truncated>0</truncated>
		<difficult>0</difficult>
		<occluded>0</occluded>
		<bndbox>
			<xmin>154</xmin>
			<xmax>245</xmax>
			<ymin>120</ymin>
			<ymax>253</ymax>
		</bndbox>
	</object>
</annotation>