<annotation>
	<folder />
	<filename>ppe_0543_jpg.rf.4ce9453cf400eea66c8c9c585676dd56.jpg</filename>
	<path>ppe_0543_jpg.rf.4ce9453cf400eea66c8c9c585676dd56.jpg</path>
	<source>
		<database>roboflow.ai</database>
	</source>
	<size>
		<width>256</width>
		<height>256</height>
		<depth>3</depth>
	</size>
	<segmented>0</segmented>
	<object>
		<name>vest</name>
		<pose>Unspecified</pose>
		<truncated>0</truncated>
		<difficult>0</difficult>
		<occluded>0</occluded>
		<bndbox>
			<xmin>86</xmin>
			<xmax>194</xmax>
			<ymin>46</ymin>
			<ymax>163</ymax>
		</bndbox>
	</object>
	<object>
		<name>person</name>
		<pose>Unspecified</pose>
		<truncated>0</truncated>
		<difficult>0</difficult>
		<occluded>0</occluded>
		<bndbox>
			<xmin>62</xmin>
			<xmax>201</xmax>
			<ymin>2</ymin>
			<ymax>250</ymax>
		</bndbox>
	</object>
	<object>
		<name>helmet</name>
		<pose>Unspecified</pose>
		<truncated>0</truncated>
		<difficult>0</difficult>
		<occluded>0</occluded>
		<bndbox>
			<xmin>111</xmin>
			<xmax>162</xmax>
			<ymin>3</ymin>
			<ymax>28</ymax>
		</bndbox>
	</object>
</annotation>