<annotation>
	<folder />
	<filename>ppe_0275_jpg.rf.fd2c9727925808c102c8172b31dc8ea2.jpg</filename>
	<path>ppe_0275_jpg.rf.fd2c9727925808c102c8172b31dc8ea2.jpg</path>
	<source>
		<database>roboflow.ai</database>
	</source>
	<size>
		<width>256</width>
		<height>256</height>
		<depth>3</depth>
	</size>
	<segmented>0</segmented>
	<object>
		<name>no-vest</name>
		<pose>Unspecified</pose>
		<truncated>0</truncated>
		<difficult>0</difficult>
		<occluded>0</occluded>
		<bndbox>
			<xmin>69</xmin>
			<xmax>171</xmax>
			<ymin>51</ymin>
			<ymax>204</ymax>
		</bndbox>
	</object>
	<object>
		<name>person</name>
		<pose>Unspecified</pose>
		<truncated>0</truncated>
		<difficult>0</difficult>
		<occluded>0</occluded>
		<bndbox>
			<xmin>71</xmin>
			<xmax>177</xmax>
			<ymin>4</ymin>
			<ymax>253</ymax>
		</bndbox>
	</object>
	<object>
		<name>helmet</name>
		<pose>Unspecified</pose>
		<truncated>0</truncated>
		<difficult>0</difficult>
		<occluded>0</occluded>
		<bndbox>
			<xmin>89</xmin>
			<xmax>176</xmax>
			<ymin>9</ymin>
			<ymax>39</ymax>
		</bndbox>
	</object>
</annotation>