<annotation>
	<folder />
	<filename>ppe_0143_jpg.rf.a0ff7c611a5ba9a4c07ed24fe15d8de7.jpg</filename>
	<path>ppe_0143_jpg.rf.a0ff7c611a5ba9a4c07ed24fe15d8de7.jpg</path>
	<source>
		<database>roboflow.ai</database>
	</source>
	<size>
		<width>256</width>
		<height>256</height>
		<depth>3</depth>
	</size>
	<segmented>0</segmented>
	<object>
		<name>helmet</name>
		<pose>Unspecified</pose>
		<truncated>0</truncated>
		<difficult>0</difficult>
		<occluded>0</occluded>
		<bndbox>
			<xmin>76</xmin>
			<xmax>126</xmax>
			<ymin>9</ymin>
			<ymax>51</ymax>
		</bndbox>
	</object>
	<object>
		<name>person</name>
		<pose>Unspecified</pose>
		<truncated>0</truncated>
		<difficult>0</difficult>
		<occluded>0</occluded>
		<bndbox>
			<xmin>43</xmin>
			<xmax>175</xmax>
			<ymin>6</ymin>
			<ymax>221</ymax>
		</bndbox>
	</object>
	<object>
		<name>vest</name>
		<pose>Unspecified</pose>
		<truncated>0</truncated>
		<difficult>0</difficult>
		<occluded>0</occluded>
		<bndbox>
			<xmin>59</xmin>
			<xmax>157</xmax>
			<ymin>75</ymin>
			<ymax>227</ymax>
		</bndbox>
	</object>
</annotation>