<annotation>
	<folder />
	<filename>ppe_0356_jpg.rf.0d5ff0b48476e2e7583dacbfc8290d5e.jpg</filename>
	<path>ppe_0356_jpg.rf.0d5ff0b48476e2e7583dacbfc8290d5e.jpg</path>
	<source>
		<database>roboflow.ai</database>
	</source>
	<size>
		<width>256</width>
		<height>256</height>
		<depth>3</depth>
	</size>
	<segmented>0</segmented>
	<object>
		<name>helmet</name>
		<pose>Unspecified</pose>
		<truncated>0</truncated>
		<difficult>0</difficult>
		<occluded>0</occluded>
		<bndbox>
			<xmin>20</xmin>
			<xmax>220</xmax>
			<ymin>0</ymin>
			<ymax>86</ymax>
		</bndbox>
	</object>
	<object>
		<name>person</name>
		<pose>Unspecified</pose>
		<truncated>0</truncated>
		<difficult>0</difficult>
		<occluded>0</occluded>
		<bndbox>
			<xmin>10</xmin>
			<xmax>231</xmax>
			<ymin>0</ymin>
			<ymax>256</ymax>
		</bndbox>
	</object>
</annotation>