<annotation>
	<folder />
	<filename>ppe_0188_jpg.rf.55e3016d451dd25e304056c6515cfa74.jpg</filename>
	<path>ppe_0188_jpg.rf.55e3016d451dd25e304056c6515cfa74.jpg</path>
	<source>
		<database>roboflow.ai</database>
	</source>
	<size>
		<width>256</width>
		<height>256</height>
		<depth>3</depth>
	</size>
	<segmented>0</segmented>
	<object>
		<name>helmet</name>
		<pose>Unspecified</pose>
		<truncated>0</truncated>
		<difficult>0</difficult>
		<occluded>0</occluded>
		<bndbox>
			<xmin>100</xmin>
			<xmax>154</xmax>
			<ymin>32</ymin>
			<ymax>55</ymax>
		</bndbox>
	</object>
	<object>
		<name>vest</name>
		<pose>Unspecified</pose>
		<truncated>0</truncated>
		<difficult>0</difficult>
		<occluded>0</occluded>
		<bndbox>
			<xmin>85</xmin>
			<xmax>172</xmax>
			<ymin>72</ymin>
			<ymax>169</ymax>
		</bndbox>
	</object>
	<object>
		<name>person</name>
		<pose>Unspecified</pose>
		<truncated>0</truncated>
		<difficult>0</difficult>
		<occluded>0</occluded>
		<bndbox>
			<xmin>75</xmin>
			<xmax>190</xmax>
			<ymin>28</ymin>
			<ymax>250</ymax>
		</bndbox>
	</object>
</annotation>