<annotation>
	<folder />
	<filename>ppe_0096_jpg.rf.e36a0ed11050585a831ec36fc697dbf3.jpg</filename>
	<path>ppe_0096_jpg.rf.e36a0ed11050585a831ec36fc697dbf3.jpg</path>
	<source>
		<database>roboflow.ai</database>
	</source>
	<size>
		<width>256</width>
		<height>256</height>
		<depth>3</depth>
	</size>
	<segmented>0</segmented>
	<object>
		<name>helmet</name>
		<pose>Unspecified</pose>
		<truncated>0</truncated>
		<difficult>0</difficult>
		<occluded>0</occluded>
		<bndbox>
			<xmin>117</xmin>
			<xmax>169</xmax>
			<ymin>9</ymin>
			<ymax>33</ymax>
		</bndbox>
	</object>
	<object>
		<name>no-vest</name>
		<pose>Unspecified</pose>
		<truncated>0</truncated>
		<difficult>0</difficult>
		<occluded>0</occluded>
		<bndbox>
			<xmin>80</xmin>
			<xmax>169</xmax>
			<ymin>48</ymin>
			<ymax>117</ymax>
		</bndbox>
	</object>
	<object>
		<name>person</name>
		<pose>Unspecified</pose>
		<truncated>0</truncated>
		<difficult>0</difficult>
		<occluded>0</occluded>
		<bndbox>
			<xmin>66</xmin>
			<xmax>183</xmax>
			<ymin>9</ymin>
			<ymax>245</ymax>
		</bndbox>
	</object>
</annotation>