<annotation>
	<folder />
	<filename>ppe_0411_jpg.rf.83b5ef2d80a5280042945a1da5880566.jpg</filename>
	<path>ppe_0411_jpg.rf.83b5ef2d80a5280042945a1da5880566.jpg</path>
	<source>
		<database>roboflow.ai</database>
	</source>
	<size>
		<width>256</width>
		<height>256</height>
		<depth>3</depth>
	</size>
	<segmented>0</segmented>
	<object>
		<name>no-vest</name>
		<pose>Unspecified</pose>
		<truncated>0</truncated>
		<difficult>0</difficult>
		<occluded>0</occluded>
		<bndbox>
			<xmin>63</xmin>
			<xmax>189</xmax>
			<ymin>52</ymin>
			<ymax>168</ymax>
		</bndbox>
	</object>
	<object>
		<name>person</name>
		<pose>Unspecified</pose>
		<truncated>0</truncated>
		<difficult>0</difficult>
		<occluded>0</occluded>
		<bndbox>
			<xmin>65</xmin>
			<xmax>195</xmax>
			<ymin>5</ymin>
			<ymax>249</ymax>
		</bndbox>
	</object>
	<object>
		<name>helmet</name>
		<pose>Unspecified</pose>
		<truncated>0</truncated>
		<difficult>0</difficult>
		<occluded>0</occluded>
		<bndbox>
			<xmin>102</xmin>
			<xmax>155</xmax>
			<ymin>6</ymin>
			<ymax>24</ymax>
		</bndbox>
	</object>
</annotation>