<annotation>
	<folder />
	<filename>ppe_0410_jpg.rf.e78f4fdddfaab950723df58d53e66c3d.jpg</filename>
	<path>ppe_0410_jpg.rf.e78f4fdddfaab950723df58d53e66c3d.jpg</path>
	<source>
		<database>roboflow.ai</database>
	</source>
	<size>
		<width>256</width>
		<height>256</height>
		<depth>3</depth>
	</size>
	<segmented>0</segmented>
	<object>
		<name>helmet</name>
		<pose>Unspecified</pose>
		<truncated>0</truncated>
		<difficult>0</difficult>
		<occluded>0</occluded>
		<bndbox>
			<xmin>122</xmin>
			<xmax>220</xmax>
			<ymin>22</ymin>
			<ymax>115</ymax>
		</bndbox>
	</object>
	<object>
		<name>person</name>
		<pose>Unspecified</pose>
		<truncated>0</truncated>
		<difficult>0</difficult>
		<occluded>0</occluded>
		<bndbox>
			<xmin>112</xmin>
			<xmax>240</xmax>
			<ymin>23</ymin>
			<ymax>256</ymax>
		</bndbox>
	</object>
</annotation>