<annotation>
	<folder />
	<filename>ppe_0465_jpg.rf.14d755d59f8aa10ffb1150d4f6673f77.jpg</filename>
	<path>ppe_0465_jpg.rf.14d755d59f8aa10ffb1150d4f6673f77.jpg</path>
	<source>
		<database>roboflow.ai</database>
	</source>
	<size>
		<width>256</width>
		<height>256</height>
		<depth>3</depth>
	</size>
	<segmented>0</segmented>
	<object>
		<name>person</name>
		<pose>Unspecified</pose>
		<truncated>0</truncated>
		<difficult>0</difficult>
		<occluded>0</occluded>
		<bndbox>
			<xmin>68</xmin>
			<xmax>139</xmax>
			<ymin>26</ymin>
			<ymax>253</ymax>
		</bndbox>
	</object>
	<object>
		<name>no-vest</name>
		<pose>Unspecified</pose>
		<truncated>0</truncated>
		<difficult>0</difficult>
		<occluded>0</occluded>
		<bndbox>
			<xmin>71</xmin>
			<xmax>135</xmax>
			<ymin>102</ymin>
			<ymax>233</ymax>
		</bndbox>
	</object>
	<object>
		<name>helmet</name>
		<pose>Unspecified</pose>
		<truncated>0</truncated>
		<difficult>0</difficult>
		<occluded>0</occluded>
		<bndbox>
			<xmin>73</xmin>
			<xmax>106</xmax>
			<ymin>25</ymin>
			<ymax>95</ymax>
		</bndbox>
	</object>
</annotation>