<annotation>
	<folder />
	<filename>ppe_0173_jpg.rf.132fecb7d02eec47fb6f236dee5bbca6.jpg</filename>
	<path>ppe_0173_jpg.rf.132fecb7d02eec47fb6f236dee5bbca6.jpg</path>
	<source>
		<database>roboflow.ai</database>
	</source>
	<size>
		<width>256</width>
		<height>256</height>
		<depth>3</depth>
	</size>
	<segmented>0</segmented>
	<object>
		<name>person</name>
		<pose>Unspecified</pose>
		<truncated>0</truncated>
		<difficult>0</difficult>
		<occluded>0</occluded>
		<bndbox>
			<xmin>141</xmin>
			<xmax>253</xmax>
			<ymin>10</ymin>
			<ymax>257</ymax>
		</bndbox>
	</object>
	<object>
		<name>no-vest</name>
		<pose>Unspecified</pose>
		<truncated>0</truncated>
		<difficult>0</difficult>
		<occluded>0</occluded>
		<bndbox>
			<xmin>154</xmin>
			<xmax>254</xmax>
			<ymin>93</ymin>
			<ymax>257</ymax>
		</bndbox>
	</object>
	<object>
		<name>helmet</name>
		<pose>Unspecified</pose>
		<truncated>0</truncated>
		<difficult>0</difficult>
		<occluded>0</occluded>
		<bndbox>
			<xmin>155</xmin>
			<xmax>230</xmax>
			<ymin>10</ymin>
			<ymax>71</ymax>
		</bndbox>
	</object>
</annotation>