<annotation>
	<folder />
	<filename>ppe_0064_jpg.rf.19ae591c338dfc2d6d4369bf26edf06d.jpg</filename>
	<path>ppe_0064_jpg.rf.19ae591c338dfc2d6d4369bf26edf06d.jpg</path>
	<source>
		<database>roboflow.ai</database>
	</source>
	<size>
		<width>256</width>
		<height>256</height>
		<depth>3</depth>
	</size>
	<segmented>0</segmented>
	<object>
		<name>helmet</name>
		<pose>Unspecified</pose>
		<truncated>0</truncated>
		<difficult>0</difficult>
		<occluded>0</occluded>
		<bndbox>
			<xmin>105</xmin>
			<xmax>207</xmax>
			<ymin>30</ymin>
			<ymax>74</ymax>
		</bndbox>
	</object>
	<object>
		<name>person</name>
		<pose>Unspecified</pose>
		<truncated>0</truncated>
		<difficult>0</difficult>
		<occluded>0</occluded>
		<bndbox>
			<xmin>86</xmin>
			<xmax>256</xmax>
			<ymin>23</ymin>
			<ymax>245</ymax>
		</bndbox>
	</object>
	<object>
		<name>vest</name>
		<pose>Unspecified</pose>
		<truncated>0</truncated>
		<difficult>0</difficult>
		<occluded>0</occluded>
		<bndbox>
			<xmin>113</xmin>
			<xmax>250</xmax>
			<ymin>86</ymin>
			<ymax>250</ymax>
		</bndbox>
	</object>
</annotation>