<annotation>
	<folder />
	<filename>ppe_0369_jpg.rf.8d8a3b826ed83cdb7fb53921ad2a98bb.jpg</filename>
	<path>ppe_0369_jpg.rf.8d8a3b826ed83cdb7fb53921ad2a98bb.jpg</path>
	<source>
		<database>roboflow.ai</database>
	</source>
	<size>
		<width>256</width>
		<height>256</height>
		<depth>3</depth>
	</size>
	<segmented>0</segmented>
	<object>
		<name>person</name>
		<pose>Unspecified</pose>
		<truncated>0</truncated>
		<difficult>0</difficult>
		<occluded>0</occluded>
		<bndbox>
			<xmin>107</xmin>
			<xmax>150</xmax>
			<ymin>20</ymin>
			<ymax>257</ymax>
		</bndbox>
	</object>
	<object>
		<name>vest</name>
		<pose>Unspecified</pose>
		<truncated>0</truncated>
		<difficult>0</difficult>
		<occluded>0</occluded>
		<bndbox>
			<xmin>105</xmin>
			<xmax>147</xmax>
			<ymin>88</ymin>
			<ymax>257</ymax>
		</bndbox>
	</object>
	<object>
		<name>helmet</name>
		<pose>Unspecified</pose>
		<truncated>0</truncated>
		<difficult>0</difficult>
		<occluded>0</occluded>
		<bndbox>
			<xmin>112</xmin>
			<xmax>135</xmax>
			<ymin>22</ymin>
			<ymax>60</ymax>
		</bndbox>
	</object>
</annotation>