<annotation>
	<folder />
	<filename>ppe_0061_jpg.rf.53f6bb37685a6737143456810d168cae.jpg</filename>
	<path>ppe_0061_jpg.rf.53f6bb37685a6737143456810d168cae.jpg</path>
	<source>
		<database>roboflow.ai</database>
	</source>
	<size>
		<width>256</width>
		<height>256</height>
		<depth>3</depth>
	</size>
	<segmented>0</segmented>
	<object>
		<name>helmet</name>
		<pose>Unspecified</pose>
		<truncated>0</truncated>
		<difficult>0</difficult>
		<occluded>0</occluded>
		<bndbox>
			<xmin>104</xmin>
			<xmax>152</xmax>
			<ymin>4</ymin>
			<ymax>48</ymax>
		</bndbox>
	</object>
	<object>
		<name>person</name>
		<pose>Unspecified</pose>
		<truncated>0</truncated>
		<difficult>0</difficult>
		<occluded>0</occluded>
		<bndbox>
			<xmin>85</xmin>
			<xmax>166</xmax>
			<ymin>3</ymin>
			<ymax>253</ymax>
		</bndbox>
	</object>
	<object>
		<name>no-vest</name>
		<pose>Unspecified</pose>
		<truncated>0</truncated>
		<difficult>0</difficult>
		<occluded>0</occluded>
		<bndbox>
			<xmin>93</xmin>
			<xmax>157</xmax>
			<ymin>74</ymin>
			<ymax>183</ymax>
		</bndbox>
	</object>
</annotation>