<annotation>
	<folder />
	<filename>ppe_0526_jpg.rf.8cb3e634078088177a94675cd1c66048.jpg</filename>
	<path>ppe_0526_jpg.rf.8cb3e634078088177a94675cd1c66048.jpg</path>
	<source>
		<database>roboflow.ai</database>
	</source>
	<size>
		<width>256</width>
		<height>256</height>
		<depth>3</depth>
	</size>
	<segmented>0</segmented>
	<object>
		<name>person</name>
		<pose>Unspecified</pose>
		<truncated>0</truncated>
		<difficult>0</difficult>
		<occluded>0</occluded>
		<bndbox>
			<xmin>26</xmin>
			<xmax>130</xmax>
			<ymin>6</ymin>
			<ymax>257</ymax>
		</bndbox>
	</object>
	<object>
		<name>no-vest</name>
		<pose>Unspecified</pose>
		<truncated>0</truncated>
		<difficult>0</difficult>
		<occluded>0</occluded>
		<bndbox>
			<xmin>19</xmin>
			<xmax>134</xmax>
			<ymin>123</ymin>
			<ymax>246</ymax>
		</bndbox>
	</object>
	<object>
		<name>helmet</name>
		<pose>Unspecified</pose>
		<truncated>0</truncated>
		<difficult>0</difficult>
		<occluded>0</occluded>
		<bndbox>
			<xmin>51</xmin>
			<xmax>110</xmax>
			<ymin>7</ymin>
			<ymax>96</ymax>
		</bndbox>
	</object>
</annotation>