<annotation>
	<folder />
	<filename>ppe_0496_jpg.rf.a898fe23e13842ca14f6299b1e7c097a.jpg</filename>
	<path>ppe_0496_jpg.rf.a898fe23e13842ca14f6299b1e7c097a.jpg</path>
	<source>
		<database>roboflow.ai</database>
	</source>
	<size>
		<width>256</width>
		<height>256</height>
		<depth>3</depth>
	</size>
	<segmented>0</segmented>
	<object>
		<name>person</name>
		<pose>Unspecified</pose>
		<truncated>0</truncated>
		<difficult>0</difficult>
		<occluded>0</occluded>
		<bndbox>
			<xmin>41</xmin>
			<xmax>235</xmax>
			<ymin>3</ymin>
			<ymax>245</ymax>
		</bndbox>
	</object>
	<object>
		<name>vest</name>
		<pose>Unspecified</pose>
		<truncated>0</truncated>
		<difficult>0</difficult>
		<occluded>0</occluded>
		<bndbox>
			<xmin>55</xmin>
			<xmax>221</xmax>
			<ymin>75</ymin>
			<ymax>201</ymax>
		</bndbox>
	</object>
	<object>
		<name>helmet</name>
		<pose>Unspecified</pose>
		<truncated>0</truncated>
		<difficult>0</difficult>
		<occluded>0</occluded>
		<bndbox>
			<xmin>96</xmin>
			<xmax>192</xmax>
			<ymin>3</ymin>
			<ymax>50</ymax>
		</bndbox>
	</object>
</annotation>