<annotation>
	<folder />
	<filename>ppe_0215_jpg.rf.76fa00de960f36db4e51053f90c8584e.jpg</filename>
	<path>ppe_0215_jpg.rf.76fa00de960f36db4e51053f90c8584e.jpg</path>
	<source>
		<database>roboflow.ai</database>
	</source>
	<size>
		<width>256</width>
		<height>256</height>
		<depth>3</depth>
	</size>
	<segmented>0</segmented>
	<object>
		<name>person</name>
		<pose>Unspecified</pose>
		<truncated>0</truncated>
		<difficult>0</difficult>
		<occluded>0</occluded>
		<bndbox>
			<xmin>138</xmin>
			<xmax>256</xmax>
			<ymin>1</ymin>
			<ymax>255</ymax>
		</bndbox>
	</object>
	<object>
		<name>vest</name>
		<pose>Unspecified</pose>
		<truncated>0</truncated>
		<difficult>0</difficult>
		<occluded>0</occluded>
		<bndbox>
			<xmin>140</xmin>
			<xmax>256</xmax>
			<ymin>127</ymin>
			<ymax>257</ymax>
		</bndbox>
	</object>
	<object>
		<name>helmet</name>
		<pose>Unspecified</pose>
		<truncated>0</truncated>
		<difficult>0</difficult>
		<occluded>0</occluded>
		<bndbox>
			<xmin>173</xmin>
			<xmax>244</xmax>
			<ymin>2</ymin>
			<ymax>66</ymax>
		</bndbox>
	</object>
</annotation>