<annotation>
	<folder />
	<filename>ppe_0050_jpg.rf.96ce5404b83a96c3e64e03802105491a.jpg</filename>
	<path>ppe_0050_jpg.rf.96ce5404b83a96c3e64e03802105491a.jpg</path>
	<source>
		<database>roboflow.ai</database>
	</source>
	<size>
		<width>256</width>
		<height>256</height>
		<depth>3</depth>
	</size>
	<segmented>0</segmented>
	<object>
		<name>vest</name>
		<pose>Unspecified</pose>
		<truncated>0</truncated>
		<difficult>0</difficult>
		<occluded>0</occluded>
		<bndbox>
			<xmin>94</xmin>
			<xmax>156</xmax>
			<ymin>123</ymin>
			<ymax>219</ymax>
		</bndbox>
	</object>
	<object>
		<name>helmet</name>
		<pose>Unspecified</pose>
		<truncated>0</truncated>
		<difficult>0</difficult>
		<occluded>0</occluded>
		<bndbox>
			<xmin>109</xmin>
			<xmax>146</xmax>
			<ymin>78</ymin>
			<ymax>113</ymax>
		</bndbox>
	</object>
	<object>
		<name>person</name>
		<pose>Unspecified</pose>
		<truncated>0</truncated>
		<difficult>0</difficult>
		<occluded>0</occluded>
		<bndbox>
			<xmin>92</xmin>
			<xmax>160</xmax>
			<ymin>74</ymin>
			<ymax>254</ymax>
		</bndbox>
	</object>
</annotation>