<annotation>
	<folder />
	<filename>ppe_0219_jpg.rf.d9fdf29f92994c57ad7f8b9a67e6f1e0.jpg</filename>
	<path>ppe_0219_jpg.rf.d9fdf29f92994c57ad7f8b9a67e6f1e0.jpg</path>
	<source>
		<database>roboflow.ai</database>
	</source>
	<size>
		<width>256</width>
		<height>256</height>
		<depth>3</depth>
	</size>
	<segmented>0</segmented>
	<object>
		<name>vest</name>
		<pose>Unspecified</pose>
		<truncated>0</truncated>
		<difficult>0</difficult>
		<occluded>0</occluded>
		<bndbox>
			<xmin>65</xmin>
			<xmax>190</xmax>
			<ymin>44</ymin>
			<ymax>132</ymax>
		</bndbox>
	</object>
	<object>
		<name>person</name>
		<pose>Unspecified</pose>
		<truncated>0</truncated>
		<difficult>0</difficult>
		<occluded>0</occluded>
		<bndbox>
			<xmin>45</xmin>
			<xmax>239</xmax>
			<ymin>12</ymin>
			<ymax>234</ymax>
		</bndbox>
	</object>
	<object>
		<name>helmet</name>
		<pose>Unspecified</pose>
		<truncated>0</truncated>
		<difficult>0</difficult>
		<occluded>0</occluded>
		<bndbox>
			<xmin>93</xmin>
			<xmax>155</xmax>
			<ymin>13</ymin>
			<ymax>32</ymax>
		</bndbox>
	</object>
</annotation>