<annotation>
	<folder />
	<filename>ppe_0307_jpg.rf.a951b923b5b94766d65b1b84a52bb30f.jpg</filename>
	<path>ppe_0307_jpg.rf.a951b923b5b94766d65b1b84a52bb30f.jpg</path>
	<source>
		<database>roboflow.ai</database>
	</source>
	<size>
		<width>256</width>
		<height>256</height>
		<depth>3</depth>
	</size>
	<segmented>0</segmented>
	<object>
		<name>helmet</name>
		<pose>Unspecified</pose>
		<truncated>0</truncated>
		<difficult>0</difficult>
		<occluded>0</occluded>
		<bndbox>
			<xmin>119</xmin>
			<xmax>169</xmax>
			<ymin>41</ymin>
			<ymax>58</ymax>
		</bndbox>
	</object>
	<object>
		<name>vest</name>
		<pose>Unspecified</pose>
		<truncated>0</truncated>
		<difficult>0</difficult>
		<occluded>0</occluded>
		<bndbox>
			<xmin>100</xmin>
			<xmax>193</xmax>
			<ymin>70</ymin>
			<ymax>157</ymax>
		</bndbox>
	</object>
	<object>
		<name>person</name>
		<pose>Unspecified</pose>
		<truncated>0</truncated>
		<difficult>0</difficult>
		<occluded>0</occluded>
		<bndbox>
			<xmin>103</xmin>
			<xmax>199</xmax>
			<ymin>39</ymin>
			<ymax>236</ymax>
		</bndbox>
	</object>
</annotation>