<annotation>
	<folder />
	<filename>ppe_0394_jpg.rf.0f7e1a1ac529c0f836e0eb7366e1ed9d.jpg</filename>
	<path>ppe_0394_jpg.rf.0f7e1a1ac529c0f836e0eb7366e1ed9d.jpg</path>
	<source>
		<database>roboflow.ai</database>
	</source>
	<size>
		<width>256</width>
		<height>256</height>
		<depth>3</depth>
	</size>
	<segmented>0</segmented>
	<object>
		<name>helmet</name>
		<pose>Unspecified</pose>
		<truncated>0</truncated>
		<difficult>0</difficult>
		<occluded>0</occluded>
		<bndbox>
			<xmin>102</xmin>
			<xmax>161</xmax>
			<ymin>8</ymin>
			<ymax>54</ymax>
		</bndbox>
	</object>
	<object>
		<name>person</name>
		<pose>Unspecified</pose>
		<truncated>0</truncated>
		<difficult>0</difficult>
		<occluded>0</occluded>
		<bndbox>
			<xmin>89</xmin>
			<xmax>184</xmax>
			<ymin>5</ymin>
			<ymax>256</ymax>
		</bndbox>
	</object>
	<object>
		<name>vest</name>
		<pose>Unspecified</pose>
		<truncated>0</truncated>
		<difficult>0</difficult>
		<occluded>0</occluded>
		<bndbox>
			<xmin>96</xmin>
			<xmax>172</xmax>
			<ymin>77</ymin>
			<ymax>220</ymax>
		</bndbox>
	</object>
</annotation>