<annotation>
	<folder />
	<filename>ppe_0262_jpg.rf.6215e6c0c90e2930bf55ea78f697bf2f.jpg</filename>
	<path>ppe_0262_jpg.rf.6215e6c0c90e2930bf55ea78f697bf2f.jpg</path>
	<source>
		<database>roboflow.ai</database>
	</source>
	<size>
		<width>256</width>
		<height>256</height>
		<depth>3</depth>
	</size>
	<segmented>0</segmented>
	<object>
		<name>helmet</name>
		<pose>Unspecified</pose>
		<truncated>0</truncated>
		<difficult>0</difficult>
		<occluded>0</occluded>
		<bndbox>
			<xmin>64</xmin>
			<xmax>123</xmax>
			<ymin>10</ymin>
			<ymax>60</ymax>
		</bndbox>
	</object>
	<object>
		<name>person</name>
		<pose>Unspecified</pose>
		<truncated>0</truncated>
		<difficult>0</difficult>
		<occluded>0</occluded>
		<bndbox>
			<xmin>30</xmin>
			<xmax>148</xmax>
			<ymin>8</ymin>
			<ymax>256</ymax>
		</bndbox>
	</object>
	<object>
		<name>vest</name>
		<pose>Unspecified</pose>
		<truncated>0</truncated>
		<difficult>0</difficult>
		<occluded>0</occluded>
		<bndbox>
			<xmin>31</xmin>
			<xmax>162</xmax>
			<ymin>110</ymin>
			<ymax>256</ymax>
		</bndbox>
	</object>
</annotation>