<annotation>
	<folder />
	<filename>ppe_0542_jpg.rf.c1f92ce7dbca2edaa349f76de7d6565e.jpg</filename>
	<path>ppe_0542_jpg.rf.c1f92ce7dbca2edaa349f76de7d6565e.jpg</path>
	<source>
		<database>roboflow.ai</database>
	</source>
	<size>
		<width>256</width>
		<height>256</height>
		<depth>3</depth>
	</size>
	<segmented>0</segmented>
	<object>
		<name>helmet</name>
		<pose>Unspecified</pose>
		<truncated>0</truncated>
		<difficult>0</difficult>
		<occluded>0</occluded>
		<bndbox>
			<xmin>163</xmin>
			<xmax>203</xmax>
			<ymin>28</ymin>
			<ymax>84</ymax>
		</bndbox>
	</object>
	<object>
		<name>vest</name>
		<pose>Unspecified</pose>
		<truncated>0</truncated>
		<difficult>0</difficult>
		<occluded>0</occluded>
		<bndbox>
			<xmin>117</xmin>
			<xmax>184</xmax>
			<ymin>68</ymin>
			<ymax>198</ymax>
		</bndbox>
	</object>
	<object>
		<name>person</name>
		<pose>Unspecified</pose>
		<truncated>0</truncated>
		<difficult>0</difficult>
		<occluded>0</occluded>
		<bndbox>
			<xmin>112</xmin>
			<xmax>202</xmax>
			<ymin>26</ymin>
			<ymax>256</ymax>
		</bndbox>
	</object>
</annotation>