<annotation>
	<folder />
	<filename>ppe_0371_jpg.rf.c55966d38b6273d799328028a0ce41c7.jpg</filename>
	<path>ppe_0371_jpg.rf.c55966d38b6273d799328028a0ce41c7.jpg</path>
	<source>
		<database>roboflow.ai</database>
	</source>
	<size>
		<width>256</width>
		<height>256</height>
		<depth>3</depth>
	</size>
	<segmented>0</segmented>
	<object>
		<name>helmet</name>
		<pose>Unspecified</pose>
		<truncated>0</truncated>
		<difficult>0</difficult>
		<occluded>0</occluded>
		<bndbox>
			<xmin>108</xmin>
			<xmax>220</xmax>
			<ymin>8</ymin>
			<ymax>141</ymax>
		</bndbox>
	</object>
	<object>
		<name>person</name>
		<pose>Unspecified</pose>
		<truncated>0</truncated>
		<difficult>0</difficult>
		<occluded>0</occluded>
		<bndbox>
			<xmin>107</xmin>
			<xmax>230</xmax>
			<ymin>9</ymin>
			<ymax>257</ymax>
		</bndbox>
	</object>
</annotation>