<annotation>
	<folder />
	<filename>ppe_0121_jpg.rf.059833e695e787beb35e6c65ed3a508f.jpg</filename>
	<path>ppe_0121_jpg.rf.059833e695e787beb35e6c65ed3a508f.jpg</path>
	<source>
		<database>roboflow.ai</database>
	</source>
	<size>
		<width>256</width>
		<height>256</height>
		<depth>3</depth>
	</size>
	<segmented>0</segmented>
	<object>
		<name>helmet</name>
		<pose>Unspecified</pose>
		<truncated>0</truncated>
		<difficult>0</difficult>
		<occluded>0</occluded>
		<bndbox>
			<xmin>190</xmin>
			<xmax>237</xmax>
			<ymin>15</ymin>
			<ymax>64</ymax>
		</bndbox>
	</object>
	<object>
		<name>person</name>
		<pose>Unspecified</pose>
		<truncated>0</truncated>
		<difficult>0</difficult>
		<occluded>0</occluded>
		<bndbox>
			<xmin>51</xmin>
			<xmax>244</xmax>
			<ymin>11</ymin>
			<ymax>248</ymax>
		</bndbox>
	</object>
	<object>
		<name>vest</name>
		<pose>Unspecified</pose>
		<truncated>0</truncated>
		<difficult>0</difficult>
		<occluded>0</occluded>
		<bndbox>
			<xmin>178</xmin>
			<xmax>237</xmax>
			<ymin>77</ymin>
			<ymax>198</ymax>
		</bndbox>
	</object>
</annotation>