<annotation>
	<folder />
	<filename>ppe_0137_jpg.rf.8eeb8d75319324b2c37d774819cd61ab.jpg</filename>
	<path>ppe_0137_jpg.rf.8eeb8d75319324b2c37d774819cd61ab.jpg</path>
	<source>
		<database>roboflow.ai</database>
	</source>
	<size>
		<width>256</width>
		<height>256</height>
		<depth>3</depth>
	</size>
	<segmented>0</segmented>
	<object>
		<name>helmet</name>
		<pose>Unspecified</pose>
		<truncated>0</truncated>
		<difficult>0</difficult>
		<occluded>0</occluded>
		<bndbox>
			<xmin>107</xmin>
			<xmax>139</xmax>
			<ymin>50</ymin>
			<ymax>72</ymax>
		</bndbox>
	</object>
	<object>
		<name>vest</name>
		<pose>Unspecified</pose>
		<truncated>0</truncated>
		<difficult>0</difficult>
		<occluded>0</occluded>
		<bndbox>
			<xmin>95</xmin>
			<xmax>155</xmax>
			<ymin>75</ymin>
			<ymax>131</ymax>
		</bndbox>
	</object>
	<object>
		<name>person</name>
		<pose>Unspecified</pose>
		<truncated>0</truncated>
		<difficult>0</difficult>
		<occluded>0</occluded>
		<bndbox>
			<xmin>86</xmin>
			<xmax>157</xmax>
			<ymin>46</ymin>
			<ymax>228</ymax>
		</bndbox>
	</object>
</annotation>