<annotation>
	<folder />
	<filename>ppe_0091_jpg.rf.109a07f951366869b3c4a42360d8e599.jpg</filename>
	<path>ppe_0091_jpg.rf.109a07f951366869b3c4a42360d8e599.jpg</path>
	<source>
		<database>roboflow.ai</database>
	</source>
	<size>
		<width>256</width>
		<height>256</height>
		<depth>3</depth>
	</size>
	<segmented>0</segmented>
	<object>
		<name>helmet</name>
		<pose>Unspecified</pose>
		<truncated>0</truncated>
		<difficult>0</difficult>
		<occluded>0</occluded>
		<bndbox>
			<xmin>34</xmin>
			<xmax>230</xmax>
			<ymin>7</ymin>
			<ymax>132</ymax>
		</bndbox>
	</object>
	<object>
		<name>person</name>
		<pose>Unspecified</pose>
		<truncated>0</truncated>
		<difficult>0</difficult>
		<occluded>0</occluded>
		<bndbox>
			<xmin>28</xmin>
			<xmax>233</xmax>
			<ymin>5</ymin>
			<ymax>245</ymax>
		</bndbox>
	</object>
</annotation>