<annotation>
	<folder />
	<filename>ppe_0432_jpg.rf.9ef4d0a703c35eb6fc17f193da94f73d.jpg</filename>
	<path>ppe_0432_jpg.rf.9ef4d0a703c35eb6fc17f193da94f73d.jpg</path>
	<source>
		<database>roboflow.ai</database>
	</source>
	<size>
		<width>256</width>
		<height>256</height>
		<depth>3</depth>
	</size>
	<segmented>0</segmented>
	<object>
		<name>no-vest</name>
		<pose>Unspecified</pose>
		<truncated>0</truncated>
		<difficult>0</difficult>
		<occluded>0</occluded>
		<bndbox>
			<xmin>67</xmin>
			<xmax>192</xmax>
			<ymin>72</ymin>
			<ymax>173</ymax>
		</bndbox>
	</object>
	<object>
		<name>person</name>
		<pose>Unspecified</pose>
		<truncated>0</truncated>
		<difficult>0</difficult>
		<occluded>0</occluded>
		<bndbox>
			<xmin>64</xmin>
			<xmax>183</xmax>
			<ymin>21</ymin>
			<ymax>254</ymax>
		</bndbox>
	</object>
	<object>
		<name>helmet</name>
		<pose>Unspecified</pose>
		<truncated>0</truncated>
		<difficult>0</difficult>
		<occluded>0</occluded>
		<bndbox>
			<xmin>104</xmin>
			<xmax>159</xmax>
			<ymin>22</ymin>
			<ymax>55</ymax>
		</bndbox>
	</object>
</annotation>