<annotation>
	<folder />
	<filename>ppe_0484_jpg.rf.7a920a726cbf0bf12892af2f139a60e9.jpg</filename>
	<path>ppe_0484_jpg.rf.7a920a726cbf0bf12892af2f139a60e9.jpg</path>
	<source>
		<database>roboflow.ai</database>
	</source>
	<size>
		<width>256</width>
		<height>256</height>
		<depth>3</depth>
	</size>
	<segmented>0</segmented>
	<object>
		<name>person</name>
		<pose>Unspecified</pose>
		<truncated>0</truncated>
		<difficult>0</difficult>
		<occluded>0</occluded>
		<bndbox>
			<xmin>65</xmin>
			<xmax>222</xmax>
			<ymin>3</ymin>
			<ymax>252</ymax>
		</bndbox>
	</object>
	<object>
		<name>no-vest</name>
		<pose>Unspecified</pose>
		<truncated>0</truncated>
		<difficult>0</difficult>
		<occluded>0</occluded>
		<bndbox>
			<xmin>69</xmin>
			<xmax>222</xmax>
			<ymin>126</ymin>
			<ymax>256</ymax>
		</bndbox>
	</object>
	<object>
		<name>helmet</name>
		<pose>Unspecified</pose>
		<truncated>0</truncated>
		<difficult>0</difficult>
		<occluded>0</occluded>
		<bndbox>
			<xmin>113</xmin>
			<xmax>196</xmax>
			<ymin>0</ymin>
			<ymax>63</ymax>
		</bndbox>
	</object>
</annotation>