<annotation>
	<folder />
	<filename>ppe_0107_jpg.rf.a2bb8a06caa43555220b3bd8dabc5997.jpg</filename>
	<path>ppe_0107_jpg.rf.a2bb8a06caa43555220b3bd8dabc5997.jpg</path>
	<source>
		<database>roboflow.ai</database>
	</source>
	<size>
		<width>256</width>
		<height>256</height>
		<depth>3</depth>
	</size>
	<segmented>0</segmented>
	<object>
		<name>person</name>
		<pose>Unspecified</pose>
		<truncated>0</truncated>
		<difficult>0</difficult>
		<occluded>0</occluded>
		<bndbox>
			<xmin>79</xmin>
			<xmax>224</xmax>
			<ymin>9</ymin>
			<ymax>256</ymax>
		</bndbox>
	</object>
	<object>
		<name>no-vest</name>
		<pose>Unspecified</pose>
		<truncated>0</truncated>
		<difficult>0</difficult>
		<occluded>0</occluded>
		<bndbox>
			<xmin>91</xmin>
			<xmax>226</xmax>
			<ymin>109</ymin>
			<ymax>250</ymax>
		</bndbox>
	</object>
	<object>
		<name>helmet</name>
		<pose>Unspecified</pose>
		<truncated>0</truncated>
		<difficult>0</difficult>
		<occluded>0</occluded>
		<bndbox>
			<xmin>125</xmin>
			<xmax>201</xmax>
			<ymin>6</ymin>
			<ymax>68</ymax>
		</bndbox>
	</object>
</annotation>