<annotation>
	<folder />
	<filename>ppe_0140_jpg.rf.df038e835cedd24695ed18e5bcccf6d4.jpg</filename>
	<path>ppe_0140_jpg.rf.df038e835cedd24695ed18e5bcccf6d4.jpg</path>
	<source>
		<database>roboflow.ai</database>
	</source>
	<size>
		<width>256</width>
		<height>256</height>
		<depth>3</depth>
	</size>
	<segmented>0</segmented>
	<object>
		<name>vest</name>
		<pose>Unspecified</pose>
		<truncated>0</truncated>
		<difficult>0</difficult>
		<occluded>0</occluded>
		<bndbox>
			<xmin>65</xmin>
			<xmax>186</xmax>
			<ymin>73</ymin>
			<ymax>196</ymax>
		</bndbox>
	</object>
	<object>
		<name>helmet</name>
		<pose>Unspecified</pose>
		<truncated>0</truncated>
		<difficult>0</difficult>
		<occluded>0</occluded>
		<bndbox>
			<xmin>92</xmin>
			<xmax>162</xmax>
			<ymin>4</ymin>
			<ymax>41</ymax>
		</bndbox>
	</object>
	<object>
		<name>person</name>
		<pose>Unspecified</pose>
		<truncated>0</truncated>
		<difficult>0</difficult>
		<occluded>0</occluded>
		<bndbox>
			<xmin>47</xmin>
			<xmax>211</xmax>
			<ymin>4</ymin>
			<ymax>242</ymax>
		</bndbox>
	</object>
</annotation>