<annotation>
	<folder />
	<filename>ppe_0201_jpg.rf.5b59f21c7f8d44b88973606f10d364e9.jpg</filename>
	<path>ppe_0201_jpg.rf.5b59f21c7f8d44b88973606f10d364e9.jpg</path>
	<source>
		<database>roboflow.ai</database>
	</source>
	<size>
		<width>256</width>
		<height>256</height>
		<depth>3</depth>
	</size>
	<segmented>0</segmented>
	<object>
		<name>helmet</name>
		<pose>Unspecified</pose>
		<truncated>0</truncated>
		<difficult>0</difficult>
		<occluded>0</occluded>
		<bndbox>
			<xmin>76</xmin>
			<xmax>124</xmax>
			<ymin>22</ymin>
			<ymax>73</ymax>
		</bndbox>
	</object>
	<object>
		<name>person</name>
		<pose>Unspecified</pose>
		<truncated>0</truncated>
		<difficult>0</difficult>
		<occluded>0</occluded>
		<bndbox>
			<xmin>46</xmin>
			<xmax>153</xmax>
			<ymin>19</ymin>
			<ymax>233</ymax>
		</bndbox>
	</object>
	<object>
		<name>no-vest</name>
		<pose>Unspecified</pose>
		<truncated>0</truncated>
		<difficult>0</difficult>
		<occluded>0</occluded>
		<bndbox>
			<xmin>49</xmin>
			<xmax>151</xmax>
			<ymin>108</ymin>
			<ymax>225</ymax>
		</bndbox>
	</object>
</annotation>