<annotation>
	<folder />
	<filename>ppe_0619_jpg.rf.cd1d57caebae88a610ad938345a4c0c4.jpg</filename>
	<path>ppe_0619_jpg.rf.cd1d57caebae88a610ad938345a4c0c4.jpg</path>
	<source>
		<database>roboflow.ai</database>
	</source>
	<size>
		<width>256</width>
		<height>256</height>
		<depth>3</depth>
	</size>
	<segmented>0</segmented>
	<object>
		<name>person</name>
		<pose>Unspecified</pose>
		<truncated>0</truncated>
		<difficult>0</difficult>
		<occluded>0</occluded>
		<bndbox>
			<xmin>116</xmin>
			<xmax>157</xmax>
			<ymin>67</ymin>
			<ymax>257</ymax>
		</bndbox>
	</object>
	<object>
		<name>helmet</name>
		<pose>Unspecified</pose>
		<truncated>0</truncated>
		<difficult>0</difficult>
		<occluded>0</occluded>
		<bndbox>
			<xmin>124</xmin>
			<xmax>149</xmax>
			<ymin>69</ymin>
			<ymax>94</ymax>
		</bndbox>
	</object>
</annotation>