<annotation>
	<folder />
	<filename>ppe_0310_jpg.rf.a2b9961e82b735f9b022f65351eb7407.jpg</filename>
	<path>ppe_0310_jpg.rf.a2b9961e82b735f9b022f65351eb7407.jpg</path>
	<source>
		<database>roboflow.ai</database>
	</source>
	<size>
		<width>256</width>
		<height>256</height>
		<depth>3</depth>
	</size>
	<segmented>0</segmented>
	<object>
		<name>helmet</name>
		<pose>Unspecified</pose>
		<truncated>0</truncated>
		<difficult>0</difficult>
		<occluded>0</occluded>
		<bndbox>
			<xmin>107</xmin>
			<xmax>182</xmax>
			<ymin>5</ymin>
			<ymax>50</ymax>
		</bndbox>
	</object>
	<object>
		<name>person</name>
		<pose>Unspecified</pose>
		<truncated>0</truncated>
		<difficult>0</difficult>
		<occluded>0</occluded>
		<bndbox>
			<xmin>105</xmin>
			<xmax>245</xmax>
			<ymin>2</ymin>
			<ymax>256</ymax>
		</bndbox>
	</object>
	<object>
		<name>vest</name>
		<pose>Unspecified</pose>
		<truncated>0</truncated>
		<difficult>0</difficult>
		<occluded>0</occluded>
		<bndbox>
			<xmin>105</xmin>
			<xmax>246</xmax>
			<ymin>80</ymin>
			<ymax>256</ymax>
		</bndbox>
	</object>
</annotation>