<annotation>
	<folder />
	<filename>ppe_0428_jpg.rf.172732a6aa75ef7c5bcad1a381aa2ad2.jpg</filename>
	<path>ppe_0428_jpg.rf.172732a6aa75ef7c5bcad1a381aa2ad2.jpg</path>
	<source>
		<database>roboflow.ai</database>
	</source>
	<size>
		<width>256</width>
		<height>256</height>
		<depth>3</depth>
	</size>
	<segmented>0</segmented>
	<object>
		<name>helmet</name>
		<pose>Unspecified</pose>
		<truncated>0</truncated>
		<difficult>0</difficult>
		<occluded>0</occluded>
		<bndbox>
			<xmin>37</xmin>
			<xmax>43</xmax>
			<ymin>113</ymin>
			<ymax>129</ymax>
		</bndbox>
	</object>
	<object>
		<name>vest</name>
		<pose>Unspecified</pose>
		<truncated>0</truncated>
		<difficult>0</difficult>
		<occluded>0</occluded>
		<bndbox>
			<xmin>32</xmin>
			<xmax>42</xmax>
			<ymin>126</ymin>
			<ymax>162</ymax>
		</bndbox>
	</object>
	<object>
		<name>person</name>
		<pose>Unspecified</pose>
		<truncated>0</truncated>
		<difficult>0</difficult>
		<occluded>0</occluded>
		<bndbox>
			<xmin>30</xmin>
			<xmax>46</xmax>
			<ymin>113</ymin>
			<ymax>200</ymax>
		</bndbox>
	</object>
</annotation>