<annotation>
	<folder />
	<filename>ppe_0077_jpg.rf.be0bc7b34b8f03928205d317e47429cd.jpg</filename>
	<path>ppe_0077_jpg.rf.be0bc7b34b8f03928205d317e47429cd.jpg</path>
	<source>
		<database>roboflow.ai</database>
	</source>
	<size>
		<width>256</width>
		<height>256</height>
		<depth>3</depth>
	</size>
	<segmented>0</segmented>
	<object>
		<name>helmet</name>
		<pose>Unspecified</pose>
		<truncated>0</truncated>
		<difficult>0</difficult>
		<occluded>0</occluded>
		<bndbox>
			<xmin>113</xmin>
			<xmax>131</xmax>
			<ymin>89</ymin>
			<ymax>111</ymax>
		</bndbox>
	</object>
	<object>
		<name>person</name>
		<pose>Unspecified</pose>
		<truncated>0</truncated>
		<difficult>0</difficult>
		<occluded>0</occluded>
		<bndbox>
			<xmin>96</xmin>
			<xmax>144</xmax>
			<ymin>85</ymin>
			<ymax>254</ymax>
		</bndbox>
	</object>
	<object>
		<name>no-vest</name>
		<pose>Unspecified</pose>
		<truncated>0</truncated>
		<difficult>0</difficult>
		<occluded>0</occluded>
		<bndbox>
			<xmin>98</xmin>
			<xmax>145</xmax>
			<ymin>127</ymin>
			<ymax>213</ymax>
		</bndbox>
	</object>
</annotation>