<annotation>
	<folder />
	<filename>ppe_0125_jpg.rf.b143a8aac09cafb767922e64ec64801c.jpg</filename>
	<path>ppe_0125_jpg.rf.b143a8aac09cafb767922e64ec64801c.jpg</path>
	<source>
		<database>roboflow.ai</database>
	</source>
	<size>
		<width>256</width>
		<height>256</height>
		<depth>3</depth>
	</size>
	<segmented>0</segmented>
	<object>
		<name>helmet</name>
		<pose>Unspecified</pose>
		<truncated>0</truncated>
		<difficult>0</difficult>
		<occluded>0</occluded>
		<bndbox>
			<xmin>114</xmin>
			<xmax>150</xmax>
			<ymin>49</ymin>
			<ymax>94</ymax>
		</bndbox>
	</object>
	<object>
		<name>person</name>
		<pose>Unspecified</pose>
		<truncated>0</truncated>
		<difficult>0</difficult>
		<occluded>0</occluded>
		<bndbox>
			<xmin>80</xmin>
			<xmax>172</xmax>
			<ymin>44</ymin>
			<ymax>253</ymax>
		</bndbox>
	</object>
	<object>
		<name>no-vest</name>
		<pose>Unspecified</pose>
		<truncated>0</truncated>
		<difficult>0</difficult>
		<occluded>0</occluded>
		<bndbox>
			<xmin>85</xmin>
			<xmax>165</xmax>
			<ymin>108</ymin>
			<ymax>249</ymax>
		</bndbox>
	</object>
</annotation>