<annotation>
	<folder />
	<filename>ppe_0278_jpg.rf.9a7c6d9c75563aed2cda38beb221d5d7.jpg</filename>
	<path>ppe_0278_jpg.rf.9a7c6d9c75563aed2cda38beb221d5d7.jpg</path>
	<source>
		<database>roboflow.ai</database>
	</source>
	<size>
		<width>256</width>
		<height>256</height>
		<depth>3</depth>
	</size>
	<segmented>0</segmented>
	<object>
		<name>person</name>
		<pose>Unspecified</pose>
		<truncated>0</truncated>
		<difficult>0</difficult>
		<occluded>0</occluded>
		<bndbox>
			<xmin>96</xmin>
			<xmax>215</xmax>
			<ymin>65</ymin>
			<ymax>258</ymax>
		</bndbox>
	</object>
	<object>
		<name>vest</name>
		<pose>Unspecified</pose>
		<truncated>0</truncated>
		<difficult>0</difficult>
		<occluded>0</occluded>
		<bndbox>
			<xmin>98</xmin>
			<xmax>213</xmax>
			<ymin>125</ymin>
			<ymax>250</ymax>
		</bndbox>
	</object>
	<object>
		<name>helmet</name>
		<pose>Unspecified</pose>
		<truncated>0</truncated>
		<difficult>0</difficult>
		<occluded>0</occluded>
		<bndbox>
			<xmin>117</xmin>
			<xmax>197</xmax>
			<ymin>66</ymin>
			<ymax>93</ymax>
		</bndbox>
	</object>
</annotation>