<annotation>
	<folder />
	<filename>ppe_0263_jpg.rf.a206868ff6458f8145501539d66388a1.jpg</filename>
	<path>ppe_0263_jpg.rf.a206868ff6458f8145501539d66388a1.jpg</path>
	<source>
		<database>roboflow.ai</database>
	</source>
	<size>
		<width>256</width>
		<height>256</height>
		<depth>3</depth>
	</size>
	<segmented>0</segmented>
	<object>
		<name>helmet</name>
		<pose>Unspecified</pose>
		<truncated>0</truncated>
		<difficult>0</difficult>
		<occluded>0</occluded>
		<bndbox>
			<xmin>97</xmin>
			<xmax>142</xmax>
			<ymin>31</ymin>
			<ymax>86</ymax>
		</bndbox>
	</object>
	<object>
		<name>person</name>
		<pose>Unspecified</pose>
		<truncated>0</truncated>
		<difficult>0</difficult>
		<occluded>0</occluded>
		<bndbox>
			<xmin>85</xmin>
			<xmax>210</xmax>
			<ymin>31</ymin>
			<ymax>256</ymax>
		</bndbox>
	</object>
	<object>
		<name>no-vest</name>
		<pose>Unspecified</pose>
		<truncated>0</truncated>
		<difficult>0</difficult>
		<occluded>0</occluded>
		<bndbox>
			<xmin>84</xmin>
			<xmax>199</xmax>
			<ymin>100</ymin>
			<ymax>256</ymax>
		</bndbox>
	</object>
</annotation>