<annotation>
	<folder />
	<filename>ppe_0499_jpg.rf.5b1264c22b172e92b02e96f2328c127a.jpg</filename>
	<path>ppe_0499_jpg.rf.5b1264c22b172e92b02e96f2328c127a.jpg</path>
	<source>
		<database>roboflow.ai</database>
	</source>
	<size>
		<width>256</width>
		<height>256</height>
		<depth>3</depth>
	</size>
	<segmented>0</segmented>
	<object>
		<name>helmet</name>
		<pose>Unspecified</pose>
		<truncated>0</truncated>
		<difficult>0</difficult>
		<occluded>0</occluded>
		<bndbox>
			<xmin>127</xmin>
			<xmax>139</xmax>
			<ymin>47</ymin>
			<ymax>61</ymax>
		</bndbox>
	</object>
	<object>
		<name>vest</name>
		<pose>Unspecified</pose>
		<truncated>0</truncated>
		<difficult>0</difficult>
		<occluded>0</occluded>
		<bndbox>
			<xmin>120</xmin>
			<xmax>148</xmax>
			<ymin>62</ymin>
			<ymax>120</ymax>
		</bndbox>
	</object>
	<object>
		<name>person</name>
		<pose>Unspecified</pose>
		<truncated>0</truncated>
		<difficult>0</difficult>
		<occluded>0</occluded>
		<bndbox>
			<xmin>116</xmin>
			<xmax>151</xmax>
			<ymin>46</ymin>
			<ymax>175</ymax>
		</bndbox>
	</object>
</annotation>