<annotation>
	<folder />
	<filename>ppe_0288_jpg.rf.072c1109bb57bf29463d1a1e0fd949a2.jpg</filename>
	<path>ppe_0288_jpg.rf.072c1109bb57bf29463d1a1e0fd949a2.jpg</path>
	<source>
		<database>roboflow.ai</database>
	</source>
	<size>
		<width>256</width>
		<height>256</height>
		<depth>3</depth>
	</size>
	<segmented>0</segmented>
	<object>
		<name>person</name>
		<pose>Unspecified</pose>
		<truncated>0</truncated>
		<difficult>0</difficult>
		<occluded>0</occluded>
		<bndbox>
			<xmin>73</xmin>
			<xmax>148</xmax>
			<ymin>17</ymin>
			<ymax>217</ymax>
		</bndbox>
	</object>
	<object>
		<name>vest</name>
		<pose>Unspecified</pose>
		<truncated>0</truncated>
		<difficult>0</difficult>
		<occluded>0</occluded>
		<bndbox>
			<xmin>76</xmin>
			<xmax>149</xmax>
			<ymin>102</ymin>
			<ymax>217</ymax>
		</bndbox>
	</object>
	<object>
		<name>helmet</name>
		<pose>Unspecified</pose>
		<truncated>0</truncated>
		<difficult>0</difficult>
		<occluded>0</occluded>
		<bndbox>
			<xmin>98</xmin>
			<xmax>140</xmax>
			<ymin>20</ymin>
			<ymax>62</ymax>
		</bndbox>
	</object>
</annotation>