<annotation>
	<folder />
	<filename>ppe_0474_jpg.rf.96dbbc1cb0b791e7acf0ed8e135c4d8c.jpg</filename>
	<path>ppe_0474_jpg.rf.96dbbc1cb0b791e7acf0ed8e135c4d8c.jpg</path>
	<source>
		<database>roboflow.ai</database>
	</source>
	<size>
		<width>256</width>
		<height>256</height>
		<depth>3</depth>
	</size>
	<segmented>0</segmented>
	<object>
		<name>helmet</name>
		<pose>Unspecified</pose>
		<truncated>0</truncated>
		<difficult>0</difficult>
		<occluded>0</occluded>
		<bndbox>
			<xmin>39</xmin>
			<xmax>86</xmax>
			<ymin>19</ymin>
			<ymax>76</ymax>
		</bndbox>
	</object>
	<object>
		<name>no-vest</name>
		<pose>Unspecified</pose>
		<truncated>0</truncated>
		<difficult>0</difficult>
		<occluded>0</occluded>
		<bndbox>
			<xmin>95</xmin>
			<xmax>168</xmax>
			<ymin>35</ymin>
			<ymax>124</ymax>
		</bndbox>
	</object>
	<object>
		<name>person</name>
		<pose>Unspecified</pose>
		<truncated>0</truncated>
		<difficult>0</difficult>
		<occluded>0</occluded>
		<bndbox>
			<xmin>42</xmin>
			<xmax>182</xmax>
			<ymin>16</ymin>
			<ymax>197</ymax>
		</bndbox>
	</object>
</annotation>