<annotation>
	<folder />
	<filename>ppe_0266_jpg.rf.0d18f9aefc6b98a9308a536597ac38e0.jpg</filename>
	<path>ppe_0266_jpg.rf.0d18f9aefc6b98a9308a536597ac38e0.jpg</path>
	<source>
		<database>roboflow.ai</database>
	</source>
	<size>
		<width>256</width>
		<height>256</height>
		<depth>3</depth>
	</size>
	<segmented>0</segmented>
	<object>
		<name>helmet</name>
		<pose>Unspecified</pose>
		<truncated>0</truncated>
		<difficult>0</difficult>
		<occluded>0</occluded>
		<bndbox>
			<xmin>32</xmin>
			<xmax>110</xmax>
			<ymin>13</ymin>
			<ymax>62</ymax>
		</bndbox>
	</object>
	<object>
		<name>person</name>
		<pose>Unspecified</pose>
		<truncated>0</truncated>
		<difficult>0</difficult>
		<occluded>0</occluded>
		<bndbox>
			<xmin>2</xmin>
			<xmax>136</xmax>
			<ymin>7</ymin>
			<ymax>256</ymax>
		</bndbox>
	</object>
	<object>
		<name>no-vest</name>
		<pose>Unspecified</pose>
		<truncated>0</truncated>
		<difficult>0</difficult>
		<occluded>0</occluded>
		<bndbox>
			<xmin>0</xmin>
			<xmax>145</xmax>
			<ymin>114</ymin>
			<ymax>256</ymax>
		</bndbox>
	</object>
</annotation>