<annotation>
	<folder />
	<filename>ppe_0017_jpg.rf.414e829c7cca18f3fa313e7deb6bc5bd.jpg</filename>
	<path>ppe_0017_jpg.rf.414e829c7cca18f3fa313e7deb6bc5bd.jpg</path>
	<source>
		<database>roboflow.ai</database>
	</source>
	<size>
		<width>256</width>
		<height>256</height>
		<depth>3</depth>
	</size>
	<segmented>0</segmented>
	<object>
		<name>helmet</name>
		<pose>Unspecified</pose>
		<truncated>0</truncated>
		<difficult>0</difficult>
		<occluded>0</occluded>
		<bndbox>
			<xmin>140</xmin>
			<xmax>202</xmax>
			<ymin>7</ymin>
			<ymax>73</ymax>
		</bndbox>
	</object>
	<object>
		<name>person</name>
		<pose>Unspecified</pose>
		<truncated>0</truncated>
		<difficult>0</difficult>
		<occluded>0</occluded>
		<bndbox>
			<xmin>132</xmin>
			<xmax>244</xmax>
			<ymin>13</ymin>
			<ymax>253</ymax>
		</bndbox>
	</object>
	<object>
		<name>vest</name>
		<pose>Unspecified</pose>
		<truncated>0</truncated>
		<difficult>0</difficult>
		<occluded>0</occluded>
		<bndbox>
			<xmin>149</xmin>
			<xmax>239</xmax>
			<ymin>102</ymin>
			<ymax>242</ymax>
		</bndbox>
	</object>
</annotation>