<annotation>
	<folder />
	<filename>ppe_0240_jpg.rf.773b88ca8b30a9201241cfa5368184fe.jpg</filename>
	<path>ppe_0240_jpg.rf.773b88ca8b30a9201241cfa5368184fe.jpg</path>
	<source>
		<database>roboflow.ai</database>
	</source>
	<size>
		<width>256</width>
		<height>256</height>
		<depth>3</depth>
	</size>
	<segmented>0</segmented>
	<object>
		<name>helmet</name>
		<pose>Unspecified</pose>
		<truncated>0</truncated>
		<difficult>0</difficult>
		<occluded>0</occluded>
		<bndbox>
			<xmin>41</xmin>
			<xmax>87</xmax>
			<ymin>71</ymin>
			<ymax>106</ymax>
		</bndbox>
	</object>
	<object>
		<name>person</name>
		<pose>Unspecified</pose>
		<truncated>0</truncated>
		<difficult>0</difficult>
		<occluded>0</occluded>
		<bndbox>
			<xmin>12</xmin>
			<xmax>97</xmax>
			<ymin>68</ymin>
			<ymax>234</ymax>
		</bndbox>
	</object>
	<object>
		<name>vest</name>
		<pose>Unspecified</pose>
		<truncated>0</truncated>
		<difficult>0</difficult>
		<occluded>0</occluded>
		<bndbox>
			<xmin>21</xmin>
			<xmax>83</xmax>
			<ymin>97</ymin>
			<ymax>220</ymax>
		</bndbox>
	</object>
</annotation>