<annotation>
	<folder />
	<filename>ppe_0113_jpg.rf.7c6c9d2bd3bcd1e0260489ad2c5b3308.jpg</filename>
	<path>ppe_0113_jpg.rf.7c6c9d2bd3bcd1e0260489ad2c5b3308.jpg</path>
	<source>
		<database>roboflow.ai</database>
	</source>
	<size>
		<width>256</width>
		<height>256</height>
		<depth>3</depth>
	</size>
	<segmented>0</segmented>
	<object>
		<name>helmet</name>
		<pose>Unspecified</pose>
		<truncated>0</truncated>
		<difficult>0</difficult>
		<occluded>0</occluded>
		<bndbox>
			<xmin>96</xmin>
			<xmax>158</xmax>
			<ymin>54</ymin>
			<ymax>78</ymax>
		</bndbox>
	</object>
	<object>
		<name>person</name>
		<pose>Unspecified</pose>
		<truncated>0</truncated>
		<difficult>0</difficult>
		<occluded>0</occluded>
		<bndbox>
			<xmin>63</xmin>
			<xmax>214</xmax>
			<ymin>53</ymin>
			<ymax>255</ymax>
		</bndbox>
	</object>
	<object>
		<name>no-vest</name>
		<pose>Unspecified</pose>
		<truncated>0</truncated>
		<difficult>0</difficult>
		<occluded>0</occluded>
		<bndbox>
			<xmin>80</xmin>
			<xmax>192</xmax>
			<ymin>107</ymin>
			<ymax>208</ymax>
		</bndbox>
	</object>
</annotation>