<annotation>
	<folder />
	<filename>ppe_0134_jpg.rf.c1bb449db483071e49b6cddadf46cda0.jpg</filename>
	<path>ppe_0134_jpg.rf.c1bb449db483071e49b6cddadf46cda0.jpg</path>
	<source>
		<database>roboflow.ai</database>
	</source>
	<size>
		<width>256</width>
		<height>256</height>
		<depth>3</depth>
	</size>
	<segmented>0</segmented>
	<object>
		<name>helmet</name>
		<pose>Unspecified</pose>
		<truncated>0</truncated>
		<difficult>0</difficult>
		<occluded>0</occluded>
		<bndbox>
			<xmin>114</xmin>
			<xmax>173</xmax>
			<ymin>27</ymin>
			<ymax>64</ymax>
		</bndbox>
	</object>
	<object>
		<name>person</name>
		<pose>Unspecified</pose>
		<truncated>0</truncated>
		<difficult>0</difficult>
		<occluded>0</occluded>
		<bndbox>
			<xmin>64</xmin>
			<xmax>245</xmax>
			<ymin>27</ymin>
			<ymax>254</ymax>
		</bndbox>
	</object>
	<object>
		<name>no-vest</name>
		<pose>Unspecified</pose>
		<truncated>0</truncated>
		<difficult>0</difficult>
		<occluded>0</occluded>
		<bndbox>
			<xmin>92</xmin>
			<xmax>236</xmax>
			<ymin>89</ymin>
			<ymax>242</ymax>
		</bndbox>
	</object>
</annotation>