<annotation>
	<folder />
	<filename>ppe_0031_jpg.rf.919d2f81449ce8119aea410409421bef.jpg</filename>
	<path>ppe_0031_jpg.rf.919d2f81449ce8119aea410409421bef.jpg</path>
	<source>
		<database>roboflow.ai</database>
	</source>
	<size>
		<width>256</width>
		<height>256</height>
		<depth>3</depth>
	</size>
	<segmented>0</segmented>
	<object>
		<name>person</name>
		<pose>Unspecified</pose>
		<truncated>0</truncated>
		<difficult>0</difficult>
		<occluded>0</occluded>
		<bndbox>
			<xmin>6</xmin>
			<xmax>100</xmax>
			<ymin>19</ymin>
			<ymax>247</ymax>
		</bndbox>
	</object>
	<object>
		<name>vest</name>
		<pose>Unspecified</pose>
		<truncated>0</truncated>
		<difficult>0</difficult>
		<occluded>0</occluded>
		<bndbox>
			<xmin>5</xmin>
			<xmax>79</xmax>
			<ymin>96</ymin>
			<ymax>257</ymax>
		</bndbox>
	</object>
	<object>
		<name>helmet</name>
		<pose>Unspecified</pose>
		<truncated>0</truncated>
		<difficult>0</difficult>
		<occluded>0</occluded>
		<bndbox>
			<xmin>32</xmin>
			<xmax>84</xmax>
			<ymin>24</ymin>
			<ymax>85</ymax>
		</bndbox>
	</object>
</annotation>