<annotation>
	<folder />
	<filename>ppe_0389_jpg.rf.2bbd2ec801205599d91a4434d4bdd159.jpg</filename>
	<path>ppe_0389_jpg.rf.2bbd2ec801205599d91a4434d4bdd159.jpg</path>
	<source>
		<database>roboflow.ai</database>
	</source>
	<size>
		<width>256</width>
		<height>256</height>
		<depth>3</depth>
	</size>
	<segmented>0</segmented>
	<object>
		<name>person</name>
		<pose>Unspecified</pose>
		<truncated>0</truncated>
		<difficult>0</difficult>
		<occluded>0</occluded>
		<bndbox>
			<xmin>86</xmin>
			<xmax>251</xmax>
			<ymin>5</ymin>
			<ymax>254</ymax>
		</bndbox>
	</object>
	<object>
		<name>no-vest</name>
		<pose>Unspecified</pose>
		<truncated>0</truncated>
		<difficult>0</difficult>
		<occluded>0</occluded>
		<bndbox>
			<xmin>68</xmin>
			<xmax>256</xmax>
			<ymin>159</ymin>
			<ymax>257</ymax>
		</bndbox>
	</object>
	<object>
		<name>helmet</name>
		<pose>Unspecified</pose>
		<truncated>0</truncated>
		<difficult>0</difficult>
		<occluded>0</occluded>
		<bndbox>
			<xmin>120</xmin>
			<xmax>229</xmax>
			<ymin>5</ymin>
			<ymax>102</ymax>
		</bndbox>
	</object>
</annotation>