<annotation>
	<folder />
	<filename>ppe_0562_jpg.rf.7d8e457de47de14ebe2d4acf8651d0cc.jpg</filename>
	<path>ppe_0562_jpg.rf.7d8e457de47de14ebe2d4acf8651d0cc.jpg</path>
	<source>
		<database>roboflow.ai</database>
	</source>
	<size>
		<width>256</width>
		<height>256</height>
		<depth>3</depth>
	</size>
	<segmented>0</segmented>
	<object>
		<name>helmet</name>
		<pose>Unspecified</pose>
		<truncated>0</truncated>
		<difficult>0</difficult>
		<occluded>0</occluded>
		<bndbox>
			<xmin>87</xmin>
			<xmax>108</xmax>
			<ymin>37</ymin>
			<ymax>64</ymax>
		</bndbox>
	</object>
	<object>
		<name>no-vest</name>
		<pose>Unspecified</pose>
		<truncated>0</truncated>
		<difficult>0</difficult>
		<occluded>0</occluded>
		<bndbox>
			<xmin>89</xmin>
			<xmax>117</xmax>
			<ymin>64</ymin>
			<ymax>106</ymax>
		</bndbox>
	</object>
	<object>
		<name>person</name>
		<pose>Unspecified</pose>
		<truncated>0</truncated>
		<difficult>0</difficult>
		<occluded>0</occluded>
		<bndbox>
			<xmin>87</xmin>
			<xmax>139</xmax>
			<ymin>36</ymin>
			<ymax>196</ymax>
		</bndbox>
	</object>
</annotation>