<annotation>
	<folder />
	<filename>ppe_0221_jpg.rf.05562ca43b26da263137c7b87bf328aa.jpg</filename>
	<path>ppe_0221_jpg.rf.05562ca43b26da263137c7b87bf328aa.jpg</path>
	<source>
		<database>roboflow.ai</database>
	</source>
	<size>
		<width>256</width>
		<height>256</height>
		<depth>3</depth>
	</size>
	<segmented>0</segmented>
	<object>
		<name>helmet</name>
		<pose>Unspecified</pose>
		<truncated>0</truncated>
		<difficult>0</difficult>
		<occluded>0</occluded>
		<bndbox>
			<xmin>151</xmin>
			<xmax>206</xmax>
			<ymin>54</ymin>
			<ymax>106</ymax>
		</bndbox>
	</object>
	<object>
		<name>person</name>
		<pose>Unspecified</pose>
		<truncated>0</truncated>
		<difficult>0</difficult>
		<occluded>0</occluded>
		<bndbox>
			<xmin>118</xmin>
			<xmax>218</xmax>
			<ymin>50</ymin>
			<ymax>256</ymax>
		</bndbox>
	</object>
	<object>
		<name>no-vest</name>
		<pose>Unspecified</pose>
		<truncated>0</truncated>
		<difficult>0</difficult>
		<occluded>0</occluded>
		<bndbox>
			<xmin>124</xmin>
			<xmax>216</xmax>
			<ymin>162</ymin>
			<ymax>256</ymax>
		</bndbox>
	</object>
</annotation>