<annotation>
	<folder />
	<filename>ppe_0360_jpg.rf.76ca1c5b05dc1ecc8c8055a38e4d8843.jpg</filename>
	<path>ppe_0360_jpg.rf.76ca1c5b05dc1ecc8c8055a38e4d8843.jpg</path>
	<source>
		<database>roboflow.ai</database>
	</source>
	<size>
		<width>256</width>
		<height>256</height>
		<depth>3</depth>
	</size>
	<segmented>0</segmented>
	<object>
		<name>helmet</name>
		<pose>Unspecified</pose>
		<truncated>0</truncated>
		<difficult>0</difficult>
		<occluded>0</occluded>
		<bndbox>
			<xmin>33</xmin>
			<xmax>248</xmax>
			<ymin>15</ymin>
			<ymax>253</ymax>
		</bndbox>
	</object>
</annotation>