<annotation>
	<folder />
	<filename>ppe_0053_jpg.rf.0df457e1449bdc99d7d79b8ed4f58de3.jpg</filename>
	<path>ppe_0053_jpg.rf.0df457e1449bdc99d7d79b8ed4f58de3.jpg</path>
	<source>
		<database>roboflow.ai</database>
	</source>
	<size>
		<width>256</width>
		<height>256</height>
		<depth>3</depth>
	</size>
	<segmented>0</segmented>
	<object>
		<name>person</name>
		<pose>Unspecified</pose>
		<truncated>0</truncated>
		<difficult>0</difficult>
		<occluded>0</occluded>
		<bndbox>
			<xmin>10</xmin>
			<xmax>228</xmax>
			<ymin>3</ymin>
			<ymax>249</ymax>
		</bndbox>
	</object>
	<object>
		<name>vest</name>
		<pose>Unspecified</pose>
		<truncated>0</truncated>
		<difficult>0</difficult>
		<occluded>0</occluded>
		<bndbox>
			<xmin>1</xmin>
			<xmax>225</xmax>
			<ymin>95</ymin>
			<ymax>242</ymax>
		</bndbox>
	</object>
	<object>
		<name>helmet</name>
		<pose>Unspecified</pose>
		<truncated>0</truncated>
		<difficult>0</difficult>
		<occluded>0</occluded>
		<bndbox>
			<xmin>6</xmin>
			<xmax>177</xmax>
			<ymin>2</ymin>
			<ymax>57</ymax>
		</bndbox>
	</object>
</annotation>