<annotation>
	<folder />
	<filename>ppe_0081_jpg.rf.284aad3321c0c70175446ba9c5b16657.jpg</filename>
	<path>ppe_0081_jpg.rf.284aad3321c0c70175446ba9c5b16657.jpg</path>
	<source>
		<database>roboflow.ai</database>
	</source>
	<size>
		<width>256</width>
		<height>256</height>
		<depth>3</depth>
	</size>
	<segmented>0</segmented>
	<object>
		<name>person</name>
		<pose>Unspecified</pose>
		<truncated>0</truncated>
		<difficult>0</difficult>
		<occluded>0</occluded>
		<bndbox>
			<xmin>63</xmin>
			<xmax>112</xmax>
			<ymin>3</ymin>
			<ymax>248</ymax>
		</bndbox>
	</object>
	<object>
		<name>helmet</name>
		<pose>Unspecified</pose>
		<truncated>0</truncated>
		<difficult>0</difficult>
		<occluded>0</occluded>
		<bndbox>
			<xmin>65</xmin>
			<xmax>81</xmax>
			<ymin>4</ymin>
			<ymax>34</ymax>
		</bndbox>
	</object>
	<object>
		<name>vest</name>
		<pose>Unspecified</pose>
		<truncated>0</truncated>
		<difficult>0</difficult>
		<occluded>0</occluded>
		<bndbox>
			<xmin>65</xmin>
			<xmax>105</xmax>
			<ymin>38</ymin>
			<ymax>130</ymax>
		</bndbox>
	</object>
</annotation>