<annotation>
	<folder />
	<filename>ppe_0476_jpg.rf.1734924e948444cbc7e7b73daf898409.jpg</filename>
	<path>ppe_0476_jpg.rf.1734924e948444cbc7e7b73daf898409.jpg</path>
	<source>
		<database>roboflow.ai</database>
	</source>
	<size>
		<width>256</width>
		<height>256</height>
		<depth>3</depth>
	</size>
	<segmented>0</segmented>
	<object>
		<name>vest</name>
		<pose>Unspecified</pose>
		<truncated>0</truncated>
		<difficult>0</difficult>
		<occluded>0</occluded>
		<bndbox>
			<xmin>79</xmin>
			<xmax>131</xmax>
			<ymin>20</ymin>
			<ymax>132</ymax>
		</bndbox>
	</object>
	<object>
		<name>person</name>
		<pose>Unspecified</pose>
		<truncated>0</truncated>
		<difficult>0</difficult>
		<occluded>0</occluded>
		<bndbox>
			<xmin>51</xmin>
			<xmax>146</xmax>
			<ymin>2</ymin>
			<ymax>230</ymax>
		</bndbox>
	</object>
	<object>
		<name>helmet</name>
		<pose>Unspecified</pose>
		<truncated>0</truncated>
		<difficult>0</difficult>
		<occluded>0</occluded>
		<bndbox>
			<xmin>118</xmin>
			<xmax>146</xmax>
			<ymin>6</ymin>
			<ymax>57</ymax>
		</bndbox>
	</object>
</annotation>