<annotation>
	<folder />
	<filename>ppe_0212_jpg.rf.20cda4c72f95535a9158122b948aeea7.jpg</filename>
	<path>ppe_0212_jpg.rf.20cda4c72f95535a9158122b948aeea7.jpg</path>
	<source>
		<database>roboflow.ai</database>
	</source>
	<size>
		<width>256</width>
		<height>256</height>
		<depth>3</depth>
	</size>
	<segmented>0</segmented>
	<object>
		<name>helmet</name>
		<pose>Unspecified</pose>
		<truncated>0</truncated>
		<difficult>0</difficult>
		<occluded>0</occluded>
		<bndbox>
			<xmin>160</xmin>
			<xmax>207</xmax>
			<ymin>25</ymin>
			<ymax>69</ymax>
		</bndbox>
	</object>
	<object>
		<name>person</name>
		<pose>Unspecified</pose>
		<truncated>0</truncated>
		<difficult>0</difficult>
		<occluded>0</occluded>
		<bndbox>
			<xmin>137</xmin>
			<xmax>216</xmax>
			<ymin>23</ymin>
			<ymax>256</ymax>
		</bndbox>
	</object>
	<object>
		<name>no-vest</name>
		<pose>Unspecified</pose>
		<truncated>0</truncated>
		<difficult>0</difficult>
		<occluded>0</occluded>
		<bndbox>
			<xmin>160</xmin>
			<xmax>209</xmax>
			<ymin>89</ymin>
			<ymax>197</ymax>
		</bndbox>
	</object>
</annotation>