<annotation>
	<folder />
	<filename>ppe_0138_jpg.rf.363238730e1e0c3fdbfa12798a60d815.jpg</filename>
	<path>ppe_0138_jpg.rf.363238730e1e0c3fdbfa12798a60d815.jpg</path>
	<source>
		<database>roboflow.ai</database>
	</source>
	<size>
		<width>256</width>
		<height>256</height>
		<depth>3</depth>
	</size>
	<segmented>0</segmented>
	<object>
		<name>person</name>
		<pose>Unspecified</pose>
		<truncated>0</truncated>
		<difficult>0</difficult>
		<occluded>0</occluded>
		<bndbox>
			<xmin>73</xmin>
			<xmax>250</xmax>
			<ymin>3</ymin>
			<ymax>247</ymax>
		</bndbox>
	</object>
	<object>
		<name>vest</name>
		<pose>Unspecified</pose>
		<truncated>0</truncated>
		<difficult>0</difficult>
		<occluded>0</occluded>
		<bndbox>
			<xmin>79</xmin>
			<xmax>246</xmax>
			<ymin>95</ymin>
			<ymax>254</ymax>
		</bndbox>
	</object>
	<object>
		<name>helmet</name>
		<pose>Unspecified</pose>
		<truncated>0</truncated>
		<difficult>0</difficult>
		<occluded>0</occluded>
		<bndbox>
			<xmin>86</xmin>
			<xmax>173</xmax>
			<ymin>2</ymin>
			<ymax>42</ymax>
		</bndbox>
	</object>
</annotation>