<annotation>
	<folder />
	<filename>ppe_0074_jpg.rf.c1f8257e71cd7e19f5d865796f54fb97.jpg</filename>
	<path>ppe_0074_jpg.rf.c1f8257e71cd7e19f5d865796f54fb97.jpg</path>
	<source>
		<database>roboflow.ai</database>
	</source>
	<size>
		<width>256</width>
		<height>256</height>
		<depth>3</depth>
	</size>
	<segmented>0</segmented>
	<object>
		<name>helmet</name>
		<pose>Unspecified</pose>
		<truncated>0</truncated>
		<difficult>0</difficult>
		<occluded>0</occluded>
		<bndbox>
			<xmin>78</xmin>
			<xmax>115</xmax>
			<ymin>133</ymin>
			<ymax>169</ymax>
		</bndbox>
	</object>
	<object>
		<name>person</name>
		<pose>Unspecified</pose>
		<truncated>0</truncated>
		<difficult>0</difficult>
		<occluded>0</occluded>
		<bndbox>
			<xmin>59</xmin>
			<xmax>136</xmax>
			<ymin>131</ymin>
			<ymax>246</ymax>
		</bndbox>
	</object>
	<object>
		<name>no-vest</name>
		<pose>Unspecified</pose>
		<truncated>0</truncated>
		<difficult>0</difficult>
		<occluded>0</occluded>
		<bndbox>
			<xmin>63</xmin>
			<xmax>134</xmax>
			<ymin>184</ymin>
			<ymax>240</ymax>
		</bndbox>
	</object>
</annotation>