<annotation>
	<folder />
	<filename>ppe_0420_jpg.rf.7a4f2c74fc29aa4076c612feea73af71.jpg</filename>
	<path>ppe_0420_jpg.rf.7a4f2c74fc29aa4076c612feea73af71.jpg</path>
	<source>
		<database>roboflow.ai</database>
	</source>
	<size>
		<width>256</width>
		<height>256</height>
		<depth>3</depth>
	</size>
	<segmented>0</segmented>
	<object>
		<name>helmet</name>
		<pose>Unspecified</pose>
		<truncated>0</truncated>
		<difficult>0</difficult>
		<occluded>0</occluded>
		<bndbox>
			<xmin>88</xmin>
			<xmax>195</xmax>
			<ymin>28</ymin>
			<ymax>75</ymax>
		</bndbox>
	</object>
	<object>
		<name>person</name>
		<pose>Unspecified</pose>
		<truncated>0</truncated>
		<difficult>0</difficult>
		<occluded>0</occluded>
		<bndbox>
			<xmin>42</xmin>
			<xmax>232</xmax>
			<ymin>28</ymin>
			<ymax>184</ymax>
		</bndbox>
	</object>
</annotation>