<annotation>
	<folder />
	<filename>ppe_0269_jpg.rf.7db667b7309967e41bcf1da795d3f1b7.jpg</filename>
	<path>ppe_0269_jpg.rf.7db667b7309967e41bcf1da795d3f1b7.jpg</path>
	<source>
		<database>roboflow.ai</database>
	</source>
	<size>
		<width>256</width>
		<height>256</height>
		<depth>3</depth>
	</size>
	<segmented>0</segmented>
	<object>
		<name>helmet</name>
		<pose>Unspecified</pose>
		<truncated>0</truncated>
		<difficult>0</difficult>
		<occluded>0</occluded>
		<bndbox>
			<xmin>92</xmin>
			<xmax>155</xmax>
			<ymin>13</ymin>
			<ymax>39</ymax>
		</bndbox>
	</object>
	<object>
		<name>person</name>
		<pose>Unspecified</pose>
		<truncated>0</truncated>
		<difficult>0</difficult>
		<occluded>0</occluded>
		<bndbox>
			<xmin>41</xmin>
			<xmax>211</xmax>
			<ymin>11</ymin>
			<ymax>254</ymax>
		</bndbox>
	</object>
	<object>
		<name>vest</name>
		<pose>Unspecified</pose>
		<truncated>0</truncated>
		<difficult>0</difficult>
		<occluded>0</occluded>
		<bndbox>
			<xmin>60</xmin>
			<xmax>186</xmax>
			<ymin>73</ymin>
			<ymax>203</ymax>
		</bndbox>
	</object>
</annotation>