<annotation>
	<folder />
	<filename>ppe_0358_jpg.rf.8c977a95e70a1358884802ecbe97e23c.jpg</filename>
	<path>ppe_0358_jpg.rf.8c977a95e70a1358884802ecbe97e23c.jpg</path>
	<source>
		<database>roboflow.ai</database>
	</source>
	<size>
		<width>256</width>
		<height>256</height>
		<depth>3</depth>
	</size>
	<segmented>0</segmented>
	<object>
		<name>helmet</name>
		<pose>Unspecified</pose>
		<truncated>0</truncated>
		<difficult>0</difficult>
		<occluded>0</occluded>
		<bndbox>
			<xmin>27</xmin>
			<xmax>94</xmax>
			<ymin>63</ymin>
			<ymax>239</ymax>
		</bndbox>
	</object>
</annotation>