<annotation>
	<folder />
	<filename>ppe_0225_jpg.rf.dec4ba8048e5e5eea6d0942e7d6cc1dc.jpg</filename>
	<path>ppe_0225_jpg.rf.dec4ba8048e5e5eea6d0942e7d6cc1dc.jpg</path>
	<source>
		<database>roboflow.ai</database>
	</source>
	<size>
		<width>256</width>
		<height>256</height>
		<depth>3</depth>
	</size>
	<segmented>0</segmented>
	<object>
		<name>helmet</name>
		<pose>Unspecified</pose>
		<truncated>0</truncated>
		<difficult>0</difficult>
		<occluded>0</occluded>
		<bndbox>
			<xmin>42</xmin>
			<xmax>112</xmax>
			<ymin>29</ymin>
			<ymax>81</ymax>
		</bndbox>
	</object>
	<object>
		<name>person</name>
		<pose>Unspecified</pose>
		<truncated>0</truncated>
		<difficult>0</difficult>
		<occluded>0</occluded>
		<bndbox>
			<xmin>25</xmin>
			<xmax>164</xmax>
			<ymin>26</ymin>
			<ymax>256</ymax>
		</bndbox>
	</object>
	<object>
		<name>no-vest</name>
		<pose>Unspecified</pose>
		<truncated>0</truncated>
		<difficult>0</difficult>
		<occluded>0</occluded>
		<bndbox>
			<xmin>32</xmin>
			<xmax>147</xmax>
			<ymin>134</ymin>
			<ymax>256</ymax>
		</bndbox>
	</object>
</annotation>