<annotation>
	<folder />
	<filename>ppe_0273_jpg.rf.0d7a3dfd370234154f637d4d05ff17d3.jpg</filename>
	<path>ppe_0273_jpg.rf.0d7a3dfd370234154f637d4d05ff17d3.jpg</path>
	<source>
		<database>roboflow.ai</database>
	</source>
	<size>
		<width>256</width>
		<height>256</height>
		<depth>3</depth>
	</size>
	<segmented>0</segmented>
	<object>
		<name>helmet</name>
		<pose>Unspecified</pose>
		<truncated>0</truncated>
		<difficult>0</difficult>
		<occluded>0</occluded>
		<bndbox>
			<xmin>171</xmin>
			<xmax>193</xmax>
			<ymin>99</ymin>
			<ymax>115</ymax>
		</bndbox>
	</object>
	<object>
		<name>person</name>
		<pose>Unspecified</pose>
		<truncated>0</truncated>
		<difficult>0</difficult>
		<occluded>0</occluded>
		<bndbox>
			<xmin>92</xmin>
			<xmax>194</xmax>
			<ymin>98</ymin>
			<ymax>176</ymax>
		</bndbox>
	</object>
</annotation>