<annotation>
	<folder />
	<filename>ppe_0512_jpg.rf.a687b328719e11f5441c0316092ce047.jpg</filename>
	<path>ppe_0512_jpg.rf.a687b328719e11f5441c0316092ce047.jpg</path>
	<source>
		<database>roboflow.ai</database>
	</source>
	<size>
		<width>256</width>
		<height>256</height>
		<depth>3</depth>
	</size>
	<segmented>0</segmented>
	<object>
		<name>person</name>
		<pose>Unspecified</pose>
		<truncated>0</truncated>
		<difficult>0</difficult>
		<occluded>0</occluded>
		<bndbox>
			<xmin>36</xmin>
			<xmax>129</xmax>
			<ymin>6</ymin>
			<ymax>255</ymax>
		</bndbox>
	</object>
	<object>
		<name>vest</name>
		<pose>Unspecified</pose>
		<truncated>0</truncated>
		<difficult>0</difficult>
		<occluded>0</occluded>
		<bndbox>
			<xmin>38</xmin>
			<xmax>128</xmax>
			<ymin>80</ymin>
			<ymax>215</ymax>
		</bndbox>
	</object>
	<object>
		<name>helmet</name>
		<pose>Unspecified</pose>
		<truncated>0</truncated>
		<difficult>0</difficult>
		<occluded>0</occluded>
		<bndbox>
			<xmin>57</xmin>
			<xmax>103</xmax>
			<ymin>7</ymin>
			<ymax>61</ymax>
		</bndbox>
	</object>
</annotation>