<annotation>
	<folder />
	<filename>ppe_0588_jpg.rf.528d032bb29c5f02231733d1143515bd.jpg</filename>
	<path>ppe_0588_jpg.rf.528d032bb29c5f02231733d1143515bd.jpg</path>
	<source>
		<database>roboflow.ai</database>
	</source>
	<size>
		<width>256</width>
		<height>256</height>
		<depth>3</depth>
	</size>
	<segmented>0</segmented>
	<object>
		<name>person</name>
		<pose>Unspecified</pose>
		<truncated>0</truncated>
		<difficult>0</difficult>
		<occluded>0</occluded>
		<bndbox>
			<xmin>152</xmin>
			<xmax>247</xmax>
			<ymin>9</ymin>
			<ymax>256</ymax>
		</bndbox>
	</object>
	<object>
		<name>vest</name>
		<pose>Unspecified</pose>
		<truncated>0</truncated>
		<difficult>0</difficult>
		<occluded>0</occluded>
		<bndbox>
			<xmin>166</xmin>
			<xmax>236</xmax>
			<ymin>79</ymin>
			<ymax>233</ymax>
		</bndbox>
	</object>
	<object>
		<name>helmet</name>
		<pose>Unspecified</pose>
		<truncated>0</truncated>
		<difficult>0</difficult>
		<occluded>0</occluded>
		<bndbox>
			<xmin>155</xmin>
			<xmax>194</xmax>
			<ymin>11</ymin>
			<ymax>54</ymax>
		</bndbox>
	</object>
</annotation>