<annotation>
	<folder />
	<filename>ppe_0486_jpg.rf.0e6f1333f828be26e1882736eb33ed8c.jpg</filename>
	<path>ppe_0486_jpg.rf.0e6f1333f828be26e1882736eb33ed8c.jpg</path>
	<source>
		<database>roboflow.ai</database>
	</source>
	<size>
		<width>256</width>
		<height>256</height>
		<depth>3</depth>
	</size>
	<segmented>0</segmented>
	<object>
		<name>person</name>
		<pose>Unspecified</pose>
		<truncated>0</truncated>
		<difficult>0</difficult>
		<occluded>0</occluded>
		<bndbox>
			<xmin>126</xmin>
			<xmax>250</xmax>
			<ymin>21</ymin>
			<ymax>243</ymax>
		</bndbox>
	</object>
	<object>
		<name>vest</name>
		<pose>Unspecified</pose>
		<truncated>0</truncated>
		<difficult>0</difficult>
		<occluded>0</occluded>
		<bndbox>
			<xmin>146</xmin>
			<xmax>236</xmax>
			<ymin>146</ymin>
			<ymax>251</ymax>
		</bndbox>
	</object>
	<object>
		<name>helmet</name>
		<pose>Unspecified</pose>
		<truncated>0</truncated>
		<difficult>0</difficult>
		<occluded>0</occluded>
		<bndbox>
			<xmin>158</xmin>
			<xmax>220</xmax>
			<ymin>25</ymin>
			<ymax>80</ymax>
		</bndbox>
	</object>
</annotation>