<annotation>
	<folder />
	<filename>ppe_0151_jpg.rf.5a4756ba26f59a1f22fe52e4793bcfa0.jpg</filename>
	<path>ppe_0151_jpg.rf.5a4756ba26f59a1f22fe52e4793bcfa0.jpg</path>
	<source>
		<database>roboflow.ai</database>
	</source>
	<size>
		<width>256</width>
		<height>256</height>
		<depth>3</depth>
	</size>
	<segmented>0</segmented>
	<object>
		<name>helmet</name>
		<pose>Unspecified</pose>
		<truncated>0</truncated>
		<difficult>0</difficult>
		<occluded>0</occluded>
		<bndbox>
			<xmin>120</xmin>
			<xmax>189</xmax>
			<ymin>36</ymin>
			<ymax>64</ymax>
		</bndbox>
	</object>
	<object>
		<name>person</name>
		<pose>Unspecified</pose>
		<truncated>0</truncated>
		<difficult>0</difficult>
		<occluded>0</occluded>
		<bndbox>
			<xmin>92</xmin>
			<xmax>237</xmax>
			<ymin>37</ymin>
			<ymax>214</ymax>
		</bndbox>
	</object>
	<object>
		<name>no-vest</name>
		<pose>Unspecified</pose>
		<truncated>0</truncated>
		<difficult>0</difficult>
		<occluded>0</occluded>
		<bndbox>
			<xmin>106</xmin>
			<xmax>226</xmax>
			<ymin>85</ymin>
			<ymax>203</ymax>
		</bndbox>
	</object>
</annotation>