<annotation>
	<folder />
	<filename>ppe_0093_jpg.rf.1a53c61cfc303c9fad2d235456a62a81.jpg</filename>
	<path>ppe_0093_jpg.rf.1a53c61cfc303c9fad2d235456a62a81.jpg</path>
	<source>
		<database>roboflow.ai</database>
	</source>
	<size>
		<width>256</width>
		<height>256</height>
		<depth>3</depth>
	</size>
	<segmented>0</segmented>
	<object>
		<name>no-vest</name>
		<pose>Unspecified</pose>
		<truncated>0</truncated>
		<difficult>0</difficult>
		<occluded>0</occluded>
		<bndbox>
			<xmin>62</xmin>
			<xmax>145</xmax>
			<ymin>98</ymin>
			<ymax>253</ymax>
		</bndbox>
	</object>
	<object>
		<name>helmet</name>
		<pose>Unspecified</pose>
		<truncated>0</truncated>
		<difficult>0</difficult>
		<occluded>0</occluded>
		<bndbox>
			<xmin>71</xmin>
			<xmax>130</xmax>
			<ymin>7</ymin>
			<ymax>55</ymax>
		</bndbox>
	</object>
	<object>
		<name>person</name>
		<pose>Unspecified</pose>
		<truncated>0</truncated>
		<difficult>0</difficult>
		<occluded>0</occluded>
		<bndbox>
			<xmin>60</xmin>
			<xmax>151</xmax>
			<ymin>4</ymin>
			<ymax>255</ymax>
		</bndbox>
	</object>
</annotation>