<annotation>
	<folder />
	<filename>ppe_0385_jpg.rf.d32a7063d7c1285bb89f8dabfadc1c3e.jpg</filename>
	<path>ppe_0385_jpg.rf.d32a7063d7c1285bb89f8dabfadc1c3e.jpg</path>
	<source>
		<database>roboflow.ai</database>
	</source>
	<size>
		<width>256</width>
		<height>256</height>
		<depth>3</depth>
	</size>
	<segmented>0</segmented>
	<object>
		<name>person</name>
		<pose>Unspecified</pose>
		<truncated>0</truncated>
		<difficult>0</difficult>
		<occluded>0</occluded>
		<bndbox>
			<xmin>56</xmin>
			<xmax>211</xmax>
			<ymin>5</ymin>
			<ymax>253</ymax>
		</bndbox>
	</object>
	<object>
		<name>vest</name>
		<pose>Unspecified</pose>
		<truncated>0</truncated>
		<difficult>0</difficult>
		<occluded>0</occluded>
		<bndbox>
			<xmin>77</xmin>
			<xmax>194</xmax>
			<ymin>67</ymin>
			<ymax>191</ymax>
		</bndbox>
	</object>
	<object>
		<name>helmet</name>
		<pose>Unspecified</pose>
		<truncated>0</truncated>
		<difficult>0</difficult>
		<occluded>0</occluded>
		<bndbox>
			<xmin>102</xmin>
			<xmax>174</xmax>
			<ymin>6</ymin>
			<ymax>43</ymax>
		</bndbox>
	</object>
</annotation>