<annotation>
	<folder />
	<filename>ppe_0416_jpg.rf.75ba0a82b741aa49e7f7c1e6a3a0bf73.jpg</filename>
	<path>ppe_0416_jpg.rf.75ba0a82b741aa49e7f7c1e6a3a0bf73.jpg</path>
	<source>
		<database>roboflow.ai</database>
	</source>
	<size>
		<width>256</width>
		<height>256</height>
		<depth>3</depth>
	</size>
	<segmented>0</segmented>
	<object>
		<name>no-helmet</name>
		<pose>Unspecified</pose>
		<truncated>0</truncated>
		<difficult>0</difficult>
		<occluded>0</occluded>
		<bndbox>
			<xmin>67</xmin>
			<xmax>100</xmax>
			<ymin>64</ymin>
			<ymax>86</ymax>
		</bndbox>
	</object>
	<object>
		<name>vest</name>
		<pose>Unspecified</pose>
		<truncated>0</truncated>
		<difficult>0</difficult>
		<occluded>0</occluded>
		<bndbox>
			<xmin>41</xmin>
			<xmax>99</xmax>
			<ymin>83</ymin>
			<ymax>146</ymax>
		</bndbox>
	</object>
	<object>
		<name>person</name>
		<pose>Unspecified</pose>
		<truncated>0</truncated>
		<difficult>0</difficult>
		<occluded>0</occluded>
		<bndbox>
			<xmin>37</xmin>
			<xmax>102</xmax>
			<ymin>64</ymin>
			<ymax>235</ymax>
		</bndbox>
	</object>
</annotation>