<annotation>
	<folder />
	<filename>ppe_0217_jpg.rf.9b5be110c19838a32749d0f4f41de651.jpg</filename>
	<path>ppe_0217_jpg.rf.9b5be110c19838a32749d0f4f41de651.jpg</path>
	<source>
		<database>roboflow.ai</database>
	</source>
	<size>
		<width>256</width>
		<height>256</height>
		<depth>3</depth>
	</size>
	<segmented>0</segmented>
	<object>
		<name>person</name>
		<pose>Unspecified</pose>
		<truncated>0</truncated>
		<difficult>0</difficult>
		<occluded>0</occluded>
		<bndbox>
			<xmin>142</xmin>
			<xmax>224</xmax>
			<ymin>5</ymin>
			<ymax>255</ymax>
		</bndbox>
	</object>
	<object>
		<name>no-vest</name>
		<pose>Unspecified</pose>
		<truncated>0</truncated>
		<difficult>0</difficult>
		<occluded>0</occluded>
		<bndbox>
			<xmin>151</xmin>
			<xmax>215</xmax>
			<ymin>118</ymin>
			<ymax>251</ymax>
		</bndbox>
	</object>
	<object>
		<name>helmet</name>
		<pose>Unspecified</pose>
		<truncated>0</truncated>
		<difficult>0</difficult>
		<occluded>0</occluded>
		<bndbox>
			<xmin>164</xmin>
			<xmax>202</xmax>
			<ymin>6</ymin>
			<ymax>73</ymax>
		</bndbox>
	</object>
</annotation>